Event,Market,Ticker,CloseTime,YesBid,YesAsk,NoBid,NoAsk,LastPrice,OpenInterest,Volume24h,Status,series,GameDate,Away,Home,AwayName,HomeName,Selection,SelectionName,Matchup
Los Angeles C at Detroit,Los Angeles C vs Detroit Winner?,KXNFLGAME-25JUL31LACDET-DET,2025-08-01 03:54:11.506822+00:00,0.0000,1.0000,0.0000,1.0000,0.0100,229516,0,finalized,KXNFLGAME,2025-07-31,LAC,DET,Chargers,Lions,DET,Lions,Chargers @ Lions
Los Angeles C at Detroit,Los Angeles C vs Detroit Winner?,KXNFLGAME-25JUL31LACDET-LAC,2025-08-01 03:54:11.506822+00:00,0.0000,1.0000,0.0000,1.0000,0.9900,155522,0,finalized,KXNFLGAME,2025-07-31,LAC,DET,Chargers,Lions,LAC,Chargers,Chargers @ Lions
Indianapolis at Baltimore,Indianapolis vs Baltimore Winner?,KXNFLGAME-25AUG07INDBAL-BAL,2025-08-08 02:56:21.090376+00:00,0.0000,1.0000,0.0000,1.0000,0.9900,138891,0,finalized,KXNFLGAME,2025-08-07,IND,BAL,Colts,Ravens,BAL,Ravens,Colts @ Ravens
Indianapolis at Baltimore,Indianapolis vs Baltimore Winner?,KXNFLGAME-25AUG07INDBAL-IND,2025-08-08 02:56:21.090376+00:00,0.0000,1.0000,0.0000,1.0000,0.0100,96958,0,finalized,KXNFLGAME,2025-08-07,IND,BAL,Colts,Ravens,IND,Colts,Colts @ Ravens
Cincinnati at Philadelphia,Cincinnati vs Philadelphia Winner?,KXNFLGAME-25AUG07CINPHI-CIN,2025-08-08 03:08:14.720622+00:00,0.0000,1.0000,0.0000,1.0000,0.0100,98313,0,finalized,KXNFLGAME,2025-08-07,CIN,PHI,Bengals,Eagles,CIN,Bengals,Bengals @ Eagles
Cincinnati at Philadelphia,Cincinnati vs Philadelphia Winner?,KXNFLGAME-25AUG07CINPHI-PHI,2025-08-08 03:08:14.720622+00:00,0.0000,1.0000,0.0000,1.0000,0.9900,55240,0,finalized,KXNFLGAME,2025-08-07,CIN,PHI,Bengals,Eagles,PHI,Eagles,Bengals @ Eagles
Las Vegas at Seattle,Las Vegas vs Seattle Winner?,KXNFLGAME-25AUG07LVSEA-LV,,0.0000,1.0000,0.0000,1.0000,0.4800,169223,47533,finalized,KXNFLGAME,2025-08-07,LV,SEA,Raiders,Seahawks,LV,Raiders,Raiders @ Seahawks
Las Vegas at Seattle,Las Vegas vs Seattle Winner?,KXNFLGAME-25AUG07LVSEA-SEA,,0.0000,1.0000,0.0000,1.0000,0.4800,220884,52826,finalized,KXNFLGAME,2025-08-07,LV,SEA,Raiders,Seahawks,SEA,Seahawks,Raiders @ Seahawks
Detroit at Atlanta,Detroit vs Atlanta Winner?,KXNFLGAME-25AUG08DETATL-ATL,2025-08-09 02:12:53.863656+00:00,0.0000,1.0000,0.0000,1.0000,0.0100,49776,0,finalized,KXNFLGAME,2025-08-08,DET,ATL,Lions,Falcons,ATL,Falcons,Lions @ Falcons
Detroit at Atlanta,Detroit vs Atlanta Winner?,KXNFLGAME-25AUG08DETATL-DET,2025-08-09 02:12:53.863656+00:00,0.0000,1.0000,0.0000,1.0000,0.9900,58228,0,finalized,KXNFLGAME,2025-08-08,DET,ATL,Lions,Falcons,DET,Lions,Lions @ Falcons
Cleveland at Carolina,Cleveland vs Carolina Winner?,KXNFLGAME-25AUG08CLECAR-CAR,2025-08-09 02:36:18.628651+00:00,0.0000,1.0000,0.0000,1.0000,0.0100,73742,0,finalized,KXNFLGAME,2025-08-08,CLE,CAR,Browns,Panthers,CAR,Panthers,Browns @ Panthers
Cleveland at Carolina,Cleveland vs Carolina Winner?,KXNFLGAME-25AUG08CLECAR-CLE,2025-08-09 02:36:18.628651+00:00,0.0000,1.0000,0.0000,1.0000,0.9900,121636,0,finalized,KXNFLGAME,2025-08-08,CLE,CAR,Browns,Panthers,CLE,Browns,Browns @ Panthers
Washington at New England,Washington vs New England Winner?,KXNFLGAME-25AUG08WASNE-NE,2025-08-09 03:08:23.727551+00:00,0.0000,1.0000,0.0000,1.0000,0.9900,26003,0,finalized,KXNFLGAME,2025-08-08,WAS,NE,Commanders,Patriots,NE,Patriots,Commanders @ Patriots
Washington at New England,Washington vs New England Winner?,KXNFLGAME-25AUG08WASNE-WAS,2025-08-09 03:08:23.727551+00:00,0.0000,1.0000,0.0000,1.0000,0.0200,55570,0,finalized,KXNFLGAME,2025-08-08,WAS,NE,Commanders,Patriots,WAS,Commanders,Commanders @ Patriots
Kansas City at Arizona,Kansas City vs Arizona Winner?,KXNFLGAME-25AUG09KCARI-ARI,2025-08-10 03:40:30.437695+00:00,0.0000,1.0000,0.0000,1.0000,0.9900,57442,0,finalized,KXNFLGAME,2025-08-09,KC,ARI,Chiefs,Cardinals,ARI,Cardinals,Chiefs @ Cardinals
Kansas City at Arizona,Kansas City vs Arizona Winner?,KXNFLGAME-25AUG09KCARI-KC,2025-08-10 03:40:30.437695+00:00,0.0000,1.0000,0.0000,1.0000,0.0100,52228,0,finalized,KXNFLGAME,2025-08-09,KC,ARI,Chiefs,Cardinals,KC,Chiefs,Chiefs @ Cardinals
New York G at Buffalo,New York G vs Buffalo Winner?,KXNFLGAME-25AUG09NYGBUF-BUF,2025-08-09 21:00:44.527858+00:00,0.0000,1.0000,0.0000,1.0000,0.0100,124232,0,finalized,KXNFLGAME,2025-08-09,NYG,BUF,Giants,Bills,BUF,Bills,Giants @ Bills
New York G at Buffalo,New York G vs Buffalo Winner?,KXNFLGAME-25AUG09NYGBUF-NYG,2025-08-09 21:00:44.527858+00:00,0.0000,1.0000,0.0000,1.0000,0.9900,114463,0,finalized,KXNFLGAME,2025-08-09,NYG,BUF,Giants,Bills,NYG,Giants,Giants @ Bills
New York J at Green Bay,New York J vs Green Bay Winner?,KXNFLGAME-25AUG09NYJGB-GB,2025-08-10 03:28:22.202872+00:00,0.0000,1.0000,0.0000,1.0000,0.0100,37006,0,finalized,KXNFLGAME,2025-08-09,NYJ,GB,Jets,Packers,GB,Packers,Jets @ Packers
New York J at Green Bay,New York J vs Green Bay Winner?,KXNFLGAME-25AUG09NYJGB-NYJ,2025-08-10 03:28:22.202872+00:00,0.0000,1.0000,0.0000,1.0000,0.9900,39862,0,finalized,KXNFLGAME,2025-08-09,NYJ,GB,Jets,Packers,NYJ,Jets,Jets @ Packers
Pittsburgh at Jacksonville,Pittsburgh vs Jacksonville Winner?,KXNFLGAME-25AUG09PITJAC-JAC,2025-08-10 02:58:11.742557+00:00,0.0000,1.0000,0.0000,1.0000,0.0100,36916,0,finalized,KXNFLGAME,2025-08-09,PIT,JAC,Steelers,Jaguars,JAC,Jaguars,Steelers @ Jaguars
Pittsburgh at Jacksonville,Pittsburgh vs Jacksonville Winner?,KXNFLGAME-25AUG09PITJAC-PIT,2025-08-10 02:58:11.742557+00:00,0.0000,1.0000,0.0000,1.0000,0.9900,44077,0,finalized,KXNFLGAME,2025-08-09,PIT,JAC,Steelers,Jaguars,PIT,Steelers,Steelers @ Jaguars
Dallas at Los Angeles R,Dallas vs Los Angeles R Winner?,KXNFLGAME-25AUG09DALLA-DAL,2025-08-10 02:36:18.369136+00:00,0.0000,1.0000,0.0000,1.0000,0.0100,53270,0,finalized,KXNFLGAME,2025-08-09,DAL,LA,Cowboys,Los Angeles,DAL,Cowboys,Cowboys @ Los Angeles
Dallas at Los Angeles R,Dallas vs Los Angeles R Winner?,KXNFLGAME-25AUG09DALLA-LA,2025-08-10 02:36:18.369136+00:00,0.0000,1.0000,0.0000,1.0000,0.9900,35741,0,finalized,KXNFLGAME,2025-08-09,DAL,LA,Cowboys,Los Angeles,LA,Los Angeles,Cowboys @ Los Angeles
Houston at Minnesota,Houston vs Minnesota Winner?,KXNFLGAME-25AUG09HOUMIN-HOU,2025-08-09 23:38:13.620298+00:00,0.0000,1.0000,0.0000,1.0000,0.0100,106195,0,finalized,KXNFLGAME,2025-08-09,HOU,MIN,Texans,Vikings,HOU,Texans,Texans @ Vikings
Houston at Minnesota,Houston vs Minnesota Winner?,KXNFLGAME-25AUG09HOUMIN-MIN,2025-08-09 23:38:13.620298+00:00,0.0000,1.0000,0.0000,1.0000,0.9900,57460,0,finalized,KXNFLGAME,2025-08-09,HOU,MIN,Texans,Vikings,MIN,Vikings,Texans @ Vikings
Denver at San Francisco,Denver vs San Francisco Winner?,KXNFLGAME-25AUG09DENSF-DEN,2025-08-10 04:04:51.376793+00:00,0.0000,1.0000,0.0000,1.0000,0.9900,40039,0,finalized,KXNFLGAME,2025-08-09,DEN,SF,Broncos,49ers,DEN,Broncos,Broncos @ 49ers
Denver at San Francisco,Denver vs San Francisco Winner?,KXNFLGAME-25AUG09DENSF-SF,2025-08-10 04:04:51.376793+00:00,0.0000,1.0000,0.0000,1.0000,0.0100,83098,0,finalized,KXNFLGAME,2025-08-09,DEN,SF,Broncos,49ers,SF,49ers,Broncos @ 49ers
Tennessee at Tampa Bay,Tennessee vs Tampa Bay Winner?,KXNFLGAME-25AUG09TENTB-TB,2025-08-10 03:04:52.671726+00:00,0.0000,1.0000,0.0000,1.0000,0.9900,24758,0,finalized,KXNFLGAME,2025-08-09,TEN,TB,Titans,Buccaneers,TB,Buccaneers,Titans @ Buccaneers
Tennessee at Tampa Bay,Tennessee vs Tampa Bay Winner?,KXNFLGAME-25AUG09TENTB-TEN,2025-08-10 03:04:52.671726+00:00,0.0000,1.0000,0.0000,1.0000,0.0100,19931,0,finalized,KXNFLGAME,2025-08-09,TEN,TB,Titans,Buccaneers,TEN,Titans,Titans @ Buccaneers
Miami at Chicago,Miami vs Chicago Winner?,KXNFLGAME-25AUG10MIACHI-CHI,,0.0000,1.0000,0.0000,1.0000,0.4900,69027,0,finalized,KXNFLGAME,2025-08-10,MIA,CHI,Dolphins,Bears,CHI,Bears,Dolphins @ Bears
Miami at Chicago,Miami vs Chicago Winner?,KXNFLGAME-25AUG10MIACHI-MIA,,0.0000,1.0000,0.0000,1.0000,0.4900,118524,0,finalized,KXNFLGAME,2025-08-10,MIA,CHI,Dolphins,Bears,MIA,Dolphins,Dolphins @ Bears
New Orleans at Los Angeles C,New Orleans vs Los Angeles C Winner?,KXNFLGAME-25AUG10NOLAC-LAC,2025-08-10 23:36:08.175249+00:00,0.0000,1.0000,0.0000,1.0000,0.9900,76593,0,finalized,KXNFLGAME,2025-08-10,NO,LAC,Saints,Chargers,LAC,Chargers,Saints @ Chargers
New Orleans at Los Angeles C,New Orleans vs Los Angeles C Winner?,KXNFLGAME-25AUG10NOLAC-NO,2025-08-10 23:36:08.175249+00:00,0.0000,1.0000,0.0000,1.0000,0.0100,90332,0,finalized,KXNFLGAME,2025-08-10,NO,LAC,Saints,Chargers,NO,Saints,Saints @ Chargers
Tennessee at Atlanta,Tennessee at Atlanta Winner?,KXNFLGAME-25AUG15TENATL-ATL,2025-08-16 02:44:42.949531+00:00,0.0000,1.0000,0.0000,1.0000,0.0100,97424,0,finalized,KXNFLGAME,2025-08-15,TEN,ATL,Titans,Falcons,ATL,Falcons,Titans @ Falcons
Tennessee at Atlanta,Tennessee at Atlanta Winner?,KXNFLGAME-25AUG15TENATL-TEN,2025-08-16 02:44:42.949531+00:00,0.0000,1.0000,0.0000,1.0000,0.9900,46633,0,finalized,KXNFLGAME,2025-08-15,TEN,ATL,Titans,Falcons,TEN,Titans,Titans @ Falcons
Kansas City at Seattle,Kansas City at Seattle Winner?,KXNFLGAME-25AUG15KCSEA-KC,2025-08-16 05:26:10.291194+00:00,0.0000,1.0000,0.0000,1.0000,0.0100,128856,0,finalized,KXNFLGAME,2025-08-15,KC,SEA,Chiefs,Seahawks,KC,Chiefs,Chiefs @ Seahawks
Kansas City at Seattle,Kansas City at Seattle Winner?,KXNFLGAME-25AUG15KCSEA-SEA,2025-08-16 05:26:10.291194+00:00,0.0000,1.0000,0.0000,1.0000,0.9900,34425,0,finalized,KXNFLGAME,2025-08-15,KC,SEA,Chiefs,Seahawks,SEA,Seahawks,Chiefs @ Seahawks
Baltimore at Dallas,Baltimore at Dallas Winner?,KXNFLGAME-25AUG16BALDAL-BAL,2025-08-17 03:05:23.398157+00:00,0.0000,1.0000,0.0000,1.0000,0.9900,51781,0,finalized,KXNFLGAME,2025-08-16,BAL,DAL,Ravens,Cowboys,BAL,Ravens,Ravens @ Cowboys
Baltimore at Dallas,Baltimore at Dallas Winner?,KXNFLGAME-25AUG16BALDAL-DAL,2025-08-17 03:05:23.398157+00:00,0.0000,1.0000,0.0000,1.0000,0.0100,53293,0,finalized,KXNFLGAME,2025-08-16,BAL,DAL,Ravens,Cowboys,DAL,Cowboys,Ravens @ Cowboys
Arizona at Denver,Arizona at Denver Winner?,KXNFLGAME-25AUG16ARIDEN-ARI,2025-08-17 05:00:30.400855+00:00,0.0000,1.0000,0.0000,1.0000,0.0100,68353,0,finalized,KXNFLGAME,2025-08-16,ARI,DEN,Cardinals,Broncos,ARI,Cardinals,Cardinals @ Broncos
Arizona at Denver,Arizona at Denver Winner?,KXNFLGAME-25AUG16ARIDEN-DEN,2025-08-17 05:00:30.400855+00:00,0.0000,1.0000,0.0000,1.0000,0.9900,32660,0,finalized,KXNFLGAME,2025-08-16,ARI,DEN,Cardinals,Broncos,DEN,Broncos,Cardinals @ Broncos
Miami at Detroit,Miami at Detroit Winner?,KXNFLGAME-25AUG16MIADET-DET,2025-08-16 20:50:35.688243+00:00,0.0000,1.0000,0.0000,1.0000,0.0100,50693,0,finalized,KXNFLGAME,2025-08-16,MIA,DET,Dolphins,Lions,DET,Lions,Dolphins @ Lions
Miami at Detroit,Miami at Detroit Winner?,KXNFLGAME-25AUG16MIADET-MIA,2025-08-16 20:50:35.688243+00:00,0.0000,1.0000,0.0000,1.0000,0.9900,38348,0,finalized,KXNFLGAME,2025-08-16,MIA,DET,Dolphins,Lions,MIA,Dolphins,Dolphins @ Lions
Carolina at Houston,Carolina at Houston Winner?,KXNFLGAME-25AUG16CARHOU-CAR,2025-08-16 20:30:32.619828+00:00,0.0000,1.0000,0.0000,1.0000,0.0100,29051,0,finalized,KXNFLGAME,2025-08-16,CAR,HOU,Panthers,Texans,CAR,Panthers,Panthers @ Texans
Carolina at Houston,Carolina at Houston Winner?,KXNFLGAME-25AUG16CARHOU-HOU,2025-08-16 20:30:32.619828+00:00,0.0000,1.0000,0.0000,1.0000,0.9900,23188,0,finalized,KXNFLGAME,2025-08-16,CAR,HOU,Panthers,Texans,HOU,Texans,Panthers @ Texans
Green Bay at Indianapolis,Green Bay at Indianapolis Winner?,KXNFLGAME-25AUG16GBIND-GB,2025-08-16 20:56:28.893111+00:00,0.0000,1.0000,0.0000,1.0000,0.9900,52944,0,finalized,KXNFLGAME,2025-08-16,GB,IND,Packers,Colts,GB,Packers,Packers @ Colts
Green Bay at Indianapolis,Green Bay at Indianapolis Winner?,KXNFLGAME-25AUG16GBIND-IND,2025-08-16 20:56:28.893111+00:00,0.0000,1.0000,0.0000,1.0000,0.0100,22398,0,finalized,KXNFLGAME,2025-08-16,GB,IND,Packers,Colts,IND,Colts,Packers @ Colts
Los Angeles C at Los Angeles R,Los Angeles C at Los Angeles R Winner?,KXNFLGAME-25AUG16LACLA-LA,2025-08-17 03:05:15.602368+00:00,0.0000,1.0000,0.0000,1.0000,0.9900,66884,0,finalized,KXNFLGAME,2025-08-16,LAC,LA,Chargers,Los Angeles,LA,Los Angeles,Chargers @ Los Angeles
Los Angeles C at Los Angeles R,Los Angeles C at Los Angeles R Winner?,KXNFLGAME-25AUG16LACLA-LAC,2025-08-17 03:05:15.602368+00:00,0.0000,1.0000,0.0000,1.0000,0.0100,41200,0,finalized,KXNFLGAME,2025-08-16,LAC,LA,Chargers,Los Angeles,LAC,Chargers,Chargers @ Los Angeles
San Francisco at Las Vegas,San Francisco at Las Vegas Winner?,KXNFLGAME-25AUG16SFLV-LV,2025-08-16 23:32:20.769895+00:00,0.0000,1.0000,0.0000,1.0000,0.0100,99625,0,finalized,KXNFLGAME,2025-08-16,SF,LV,49ers,Raiders,LV,Raiders,49ers @ Raiders
San Francisco at Las Vegas,San Francisco at Las Vegas Winner?,KXNFLGAME-25AUG16SFLV-SF,2025-08-16 23:32:20.769895+00:00,0.0000,1.0000,0.0000,1.0000,0.9900,100551,0,finalized,KXNFLGAME,2025-08-16,SF,LV,49ers,Raiders,SF,49ers,49ers @ Raiders
New England at Minnesota,New England at Minnesota Winner?,KXNFLGAME-25AUG16NEMIN-MIN,2025-08-16 20:48:18.073071+00:00,0.0000,1.0000,0.0000,1.0000,0.0100,43167,0,finalized,KXNFLGAME,2025-08-16,NE,MIN,Patriots,Vikings,MIN,Vikings,Patriots @ Vikings
New England at Minnesota,New England at Minnesota Winner?,KXNFLGAME-25AUG16NEMIN-NE,2025-08-16 20:48:18.073071+00:00,0.0000,1.0000,0.0000,1.0000,0.9900,52088,0,finalized,KXNFLGAME,2025-08-16,NE,MIN,Patriots,Vikings,NE,Patriots,Patriots @ Vikings
New York J at New York G,New York J at New York G Winner?,KXNFLGAME-25AUG16NYJNYG-NYG,2025-08-17 02:17:52.387322+00:00,0.0000,1.0000,0.0000,1.0000,0.9900,39337,0,finalized,KXNFLGAME,2025-08-16,NYJ,NYG,Jets,Giants,NYG,Giants,Jets @ Giants
New York J at New York G,New York J at New York G Winner?,KXNFLGAME-25AUG16NYJNYG-NYJ,2025-08-17 02:17:52.387322+00:00,0.0000,1.0000,0.0000,1.0000,0.0100,61375,0,finalized,KXNFLGAME,2025-08-16,NYJ,NYG,Jets,Giants,NYJ,Jets,Jets @ Giants
Cleveland at Philadelphia,Cleveland at Philadelphia Winner?,KXNFLGAME-25AUG16CLEPHI-CLE,2025-08-16 20:16:32.272846+00:00,0.0000,1.0000,0.0000,1.0000,0.9900,42781,0,finalized,KXNFLGAME,2025-08-16,CLE,PHI,Browns,Eagles,CLE,Browns,Browns @ Eagles
Cleveland at Philadelphia,Cleveland at Philadelphia Winner?,KXNFLGAME-25AUG16CLEPHI-PHI,2025-08-16 20:16:32.272846+00:00,0.0000,1.0000,0.0000,1.0000,0.0100,65149,0,finalized,KXNFLGAME,2025-08-16,CLE,PHI,Browns,Eagles,PHI,Eagles,Browns @ Eagles
Tampa Bay at Pittsburgh,Tampa Bay at Pittsburgh Winner?,KXNFLGAME-25AUG16TBPIT-PIT,2025-08-17 03:05:20.480522+00:00,0.0000,1.0000,0.0000,1.0000,0.0100,37825,0,finalized,KXNFLGAME,2025-08-16,TB,PIT,Buccaneers,Steelers,PIT,Steelers,Buccaneers @ Steelers
Tampa Bay at Pittsburgh,Tampa Bay at Pittsburgh Winner?,KXNFLGAME-25AUG16TBPIT-TB,2025-08-17 03:05:20.480522+00:00,0.0000,1.0000,0.0000,1.0000,0.9900,22075,0,finalized,KXNFLGAME,2025-08-16,TB,PIT,Buccaneers,Steelers,TB,Buccaneers,Buccaneers @ Steelers
Buffalo at Chicago,Buffalo at Chicago Winner?,KXNFLGAME-25AUG17BUFCHI-BUF,2025-08-18 03:48:18.113507+00:00,0.0000,1.0000,0.0000,1.0000,0.0100,291021,0,finalized,KXNFLGAME,2025-08-17,BUF,CHI,Bills,Bears,BUF,Bills,Bills @ Bears
Buffalo at Chicago,Buffalo at Chicago Winner?,KXNFLGAME-25AUG17BUFCHI-CHI,2025-08-18 03:48:18.113507+00:00,0.0000,1.0000,0.0000,1.0000,0.9900,106644,0,finalized,KXNFLGAME,2025-08-17,BUF,CHI,Bills,Bears,CHI,Bears,Bills @ Bears
Jacksonville at New Orleans,Jacksonville at New Orleans Winner?,KXNFLGAME-25AUG17JACNO-JAC,,0.0000,1.0000,0.0000,1.0000,0.4900,59727,4214,finalized,KXNFLGAME,2025-08-17,JAC,NO,Jaguars,Saints,JAC,Jaguars,Jaguars @ Saints
Jacksonville at New Orleans,Jacksonville at New Orleans Winner?,KXNFLGAME-25AUG17JACNO-NO,,0.0000,1.0000,0.0000,1.0000,0.4900,68743,3771,finalized,KXNFLGAME,2025-08-17,JAC,NO,Jaguars,Saints,NO,Saints,Jaguars @ Saints
Cincinnati at Washington,Cincinnati at Washington Winner?,KXNFLGAME-25AUG18CINWAS-CIN,2025-08-19 03:26:12.053197+00:00,0.0000,1.0000,0.0000,1.0000,0.9900,103126,0,finalized,KXNFLGAME,2025-08-18,CIN,WAS,Bengals,Commanders,CIN,Bengals,Bengals @ Commanders
Cincinnati at Washington,Cincinnati at Washington Winner?,KXNFLGAME-25AUG18CINWAS-WAS,2025-08-19 03:26:12.053197+00:00,0.0000,1.0000,0.0000,1.0000,0.0100,200157,0,finalized,KXNFLGAME,2025-08-18,CIN,WAS,Bengals,Commanders,WAS,Commanders,Bengals @ Commanders
Pittsburgh at Carolina,Pittsburgh at Carolina Winner?,KXNFLGAME-25AUG21PITCAR-CAR,2025-08-22 02:14:13.048194+00:00,0.0000,1.0000,0.0000,1.0000,0.0100,90988,0,finalized,KXNFLGAME,2025-08-21,PIT,CAR,Steelers,Panthers,CAR,Panthers,Steelers @ Panthers
Pittsburgh at Carolina,Pittsburgh at Carolina Winner?,KXNFLGAME-25AUG21PITCAR-PIT,2025-08-22 02:14:13.048194+00:00,0.0000,1.0000,0.0000,1.0000,0.9900,65267,0,finalized,KXNFLGAME,2025-08-21,PIT,CAR,Steelers,Panthers,PIT,Steelers,Steelers @ Panthers
New England at New York G,New England at New York G Winner?,KXNFLGAME-25AUG21NENYG-NE,2025-08-22 03:22:16.093750+00:00,0.0000,1.0000,0.0000,1.0000,0.0100,91611,0,finalized,KXNFLGAME,2025-08-21,NE,NYG,Patriots,Giants,NE,Patriots,Patriots @ Giants
New England at New York G,New England at New York G Winner?,KXNFLGAME-25AUG21NENYG-NYG,2025-08-22 03:22:16.093750+00:00,0.0000,1.0000,0.0000,1.0000,0.9900,36258,0,finalized,KXNFLGAME,2025-08-21,NE,NYG,Patriots,Giants,NYG,Giants,Patriots @ Giants
Atlanta at Dallas,Atlanta at Dallas Winner?,KXNFLGAME-25AUG22ATLDAL-ATL,2025-08-23 03:30:24.841583+00:00,0.0000,1.0000,0.0000,1.0000,0.0100,32583,0,finalized,KXNFLGAME,2025-08-22,ATL,DAL,Falcons,Cowboys,ATL,Falcons,Falcons @ Cowboys
Atlanta at Dallas,Atlanta at Dallas Winner?,KXNFLGAME-25AUG22ATLDAL-DAL,2025-08-23 03:30:24.841583+00:00,0.0000,1.0000,0.0000,1.0000,0.9900,31848,0,finalized,KXNFLGAME,2025-08-22,ATL,DAL,Falcons,Cowboys,DAL,Cowboys,Falcons @ Cowboys
Chicago at Kansas City,Chicago at Kansas City Winner?,KXNFLGAME-25AUG22CHIKC-CHI,2025-08-23 03:57:01.199228+00:00,0.0000,1.0000,0.0000,1.0000,0.9900,74352,0,finalized,KXNFLGAME,2025-08-22,CHI,KC,Bears,Chiefs,CHI,Bears,Bears @ Chiefs
Chicago at Kansas City,Chicago at Kansas City Winner?,KXNFLGAME-25AUG22CHIKC-KC,2025-08-23 03:57:01.199228+00:00,0.0000,1.0000,0.0000,1.0000,0.0100,84777,0,finalized,KXNFLGAME,2025-08-22,CHI,KC,Bears,Chiefs,KC,Chiefs,Bears @ Chiefs
Philadelphia at New York J,Philadelphia at New York J Winner?,KXNFLGAME-25AUG22PHINYJ-NYJ,2025-08-23 03:00:39.147743+00:00,0.0000,1.0000,0.0000,1.0000,0.0100,77659,0,finalized,KXNFLGAME,2025-08-22,PHI,NYJ,Eagles,Jets,NYJ,Jets,Eagles @ Jets
Philadelphia at New York J,Philadelphia at New York J Winner?,KXNFLGAME-25AUG22PHINYJ-PHI,2025-08-23 03:00:39.147743+00:00,0.0000,1.0000,0.0000,1.0000,0.9900,100047,0,finalized,KXNFLGAME,2025-08-22,PHI,NYJ,Eagles,Jets,PHI,Eagles,Eagles @ Jets
Minnesota at Tennessee,Minnesota at Tennessee Winner?,KXNFLGAME-25AUG22MINTEN-MIN,2025-08-23 03:26:01.168931+00:00,0.0000,1.0000,0.0000,1.0000,0.0100,49393,0,finalized,KXNFLGAME,2025-08-22,MIN,TEN,Vikings,Titans,MIN,Vikings,Vikings @ Titans
Minnesota at Tennessee,Minnesota at Tennessee Winner?,KXNFLGAME-25AUG22MINTEN-TEN,2025-08-23 03:26:01.168931+00:00,0.0000,1.0000,0.0000,1.0000,0.9900,18502,0,finalized,KXNFLGAME,2025-08-22,MIN,TEN,Vikings,Titans,TEN,Titans,Vikings @ Titans
Las Vegas at Arizona,Las Vegas at Arizona Winner?,KXNFLGAME-25AUG23LVARI-ARI,2025-08-24 05:27:00.357520+00:00,0.0000,1.0000,0.0000,1.0000,0.9900,82046,0,finalized,KXNFLGAME,2025-08-23,LV,ARI,Raiders,Cardinals,ARI,Cardinals,Raiders @ Cardinals
Las Vegas at Arizona,Las Vegas at Arizona Winner?,KXNFLGAME-25AUG23LVARI-LV,2025-08-24 05:27:00.357520+00:00,0.0000,1.0000,0.0000,1.0000,0.0100,83067,0,finalized,KXNFLGAME,2025-08-23,LV,ARI,Raiders,Cardinals,LV,Raiders,Raiders @ Cardinals
Indianapolis at Cincinnati,Indianapolis at Cincinnati Winner?,KXNFLGAME-25AUG23INDCIN-CIN,2025-08-23 20:33:50.994179+00:00,0.0000,1.0000,0.0000,1.0000,0.0100,35749,0,finalized,KXNFLGAME,2025-08-23,IND,CIN,Colts,Bengals,CIN,Bengals,Colts @ Bengals
Indianapolis at Cincinnati,Indianapolis at Cincinnati Winner?,KXNFLGAME-25AUG23INDCIN-IND,2025-08-23 20:33:50.994179+00:00,0.0000,1.0000,0.0000,1.0000,0.9900,21215,0,finalized,KXNFLGAME,2025-08-23,IND,CIN,Colts,Bengals,IND,Colts,Colts @ Bengals
Los Angeles R at Cleveland,Los Angeles R at Cleveland Winner?,KXNFLGAME-25AUG23LACLE-CLE,2025-08-23 20:46:09.782814+00:00,0.0000,1.0000,0.0000,1.0000,0.9900,75930,0,finalized,KXNFLGAME,2025-08-23,LA,CLE,Los Angeles,Browns,CLE,Browns,Los Angeles @ Browns
Los Angeles R at Cleveland,Los Angeles R at Cleveland Winner?,KXNFLGAME-25AUG23LACLE-LA,2025-08-23 20:46:09.782814+00:00,0.0000,1.0000,0.0000,1.0000,0.0100,93077,0,finalized,KXNFLGAME,2025-08-23,LA,CLE,Los Angeles,Browns,LA,Los Angeles,Los Angeles @ Browns
Houston at Detroit,Houston at Detroit Winner?,KXNFLGAME-25AUG23HOUDET-DET,2025-08-23 20:11:19.237079+00:00,0.0000,1.0000,0.0000,1.0000,0.0100,17317,0,finalized,KXNFLGAME,2025-08-23,HOU,DET,Texans,Lions,DET,Lions,Texans @ Lions
Houston at Detroit,Houston at Detroit Winner?,KXNFLGAME-25AUG23HOUDET-HOU,2025-08-23 20:11:19.237079+00:00,0.0000,1.0000,0.0000,1.0000,0.9900,19359,0,finalized,KXNFLGAME,2025-08-23,HOU,DET,Texans,Lions,HOU,Texans,Texans @ Lions
Seattle at Green Bay,Seattle at Green Bay Winner?,KXNFLGAME-25AUG23SEAGB-GB,2025-08-23 23:33:18.703960+00:00,0.0000,1.0000,0.0000,1.0000,0.9900,62309,0,finalized,KXNFLGAME,2025-08-23,SEA,GB,Seahawks,Packers,GB,Packers,Seahawks @ Packers
Seattle at Green Bay,Seattle at Green Bay Winner?,KXNFLGAME-25AUG23SEAGB-SEA,2025-08-23 23:33:18.703960+00:00,0.0000,1.0000,0.0000,1.0000,0.0100,111813,0,finalized,KXNFLGAME,2025-08-23,SEA,GB,Seahawks,Packers,SEA,Seahawks,Seahawks @ Packers
Jacksonville at Miami,Jacksonville at Miami Winner?,KXNFLGAME-25AUG23JACMIA-JAC,2025-08-24 02:22:40.954604+00:00,0.0000,1.0000,0.0000,1.0000,0.0100,55979,0,finalized,KXNFLGAME,2025-08-23,JAC,MIA,Jaguars,Dolphins,JAC,Jaguars,Jaguars @ Dolphins
Jacksonville at Miami,Jacksonville at Miami Winner?,KXNFLGAME-25AUG23JACMIA-MIA,2025-08-24 02:22:40.954604+00:00,0.0000,1.0000,0.0000,1.0000,0.9900,22573,0,finalized,KXNFLGAME,2025-08-23,JAC,MIA,Jaguars,Dolphins,MIA,Dolphins,Jaguars @ Dolphins
Denver at New Orleans,Denver at New Orleans Winner?,KXNFLGAME-25AUG23DENNO-DEN,2025-08-23 20:28:39.946458+00:00,0.0000,1.0000,0.0000,1.0000,0.9900,29744,0,finalized,KXNFLGAME,2025-08-23,DEN,NO,Broncos,Saints,DEN,Broncos,Broncos @ Saints
Denver at New Orleans,Denver at New Orleans Winner?,KXNFLGAME-25AUG23DENNO-NO,2025-08-23 20:28:39.946458+00:00,0.0000,1.0000,0.0000,1.0000,0.0100,36341,0,finalized,KXNFLGAME,2025-08-23,DEN,NO,Broncos,Saints,NO,Saints,Broncos @ Saints
Los Angeles C at San Francisco,Los Angeles C at San Francisco Winner?,KXNFLGAME-25AUG23LACSF-LAC,2025-08-24 04:14:20.886642+00:00,0.0000,1.0000,0.0000,1.0000,0.0100,68007,0,finalized,KXNFLGAME,2025-08-23,LAC,SF,Chargers,49ers,LAC,Chargers,Chargers @ 49ers
Los Angeles C at San Francisco,Los Angeles C at San Francisco Winner?,KXNFLGAME-25AUG23LACSF-SF,2025-08-24 04:14:20.886642+00:00,0.0000,1.0000,0.0000,1.0000,0.9900,94190,0,finalized,KXNFLGAME,2025-08-23,LAC,SF,Chargers,49ers,SF,49ers,Chargers @ 49ers
Buffalo at Tampa Bay,Buffalo at Tampa Bay Winner?,KXNFLGAME-25AUG23BUFTB-BUF,2025-08-24 02:50:52.626542+00:00,0.0000,1.0000,0.0000,1.0000,0.9900,34621,0,finalized,KXNFLGAME,2025-08-23,BUF,TB,Bills,Buccaneers,BUF,Bills,Bills @ Buccaneers
Buffalo at Tampa Bay,Buffalo at Tampa Bay Winner?,KXNFLGAME-25AUG23BUFTB-TB,2025-08-24 02:50:52.626542+00:00,0.0000,1.0000,0.0000,1.0000,0.0200,56952,0,finalized,KXNFLGAME,2025-08-23,BUF,TB,Bills,Buccaneers,TB,Buccaneers,Bills @ Buccaneers
Baltimore at Washington,Baltimore at Washington Winner?,KXNFLGAME-25AUG23BALWAS-BAL,2025-08-23 19:17:01.395806+00:00,0.0000,1.0000,0.0000,1.0000,0.9900,39017,0,finalized,KXNFLGAME,2025-08-23,BAL,WAS,Ravens,Commanders,BAL,Ravens,Ravens @ Commanders
Baltimore at Washington,Baltimore at Washington Winner?,KXNFLGAME-25AUG23BALWAS-WAS,2025-08-23 19:17:01.395806+00:00,0.0000,1.0000,0.0000,1.0000,0.0100,40398,0,finalized,KXNFLGAME,2025-08-23,BAL,WAS,Ravens,Commanders,WAS,Commanders,Ravens @ Commanders
Dallas at Philadelphia,Dallas vs Philadelphia Winner?,KXNFLGAME-25SEP04DALPHI-DAL,2025-09-05 04:29:13.061741+00:00,0.0000,1.0000,0.0000,1.0000,0.0100,6429929,0,finalized,KXNFLGAME,2025-09-04,DAL,PHI,Cowboys,Eagles,DAL,Cowboys,Cowboys @ Eagles
Dallas at Philadelphia,Dallas vs Philadelphia Winner?,KXNFLGAME-25SEP04DALPHI-PHI,2025-09-05 04:29:13.061741+00:00,0.0000,1.0000,0.0000,1.0000,0.9900,7563288,0,finalized,KXNFLGAME,2025-09-04,DAL,PHI,Cowboys,Eagles,PHI,Eagles,Cowboys @ Eagles
Kansas City at Los Angeles C,Kansas City vs Los Angeles C Winner?,KXNFLGAME-25SEP05KCLAC-KC,2025-09-06 03:14:15.684801+00:00,0.0000,1.0000,0.0000,1.0000,0.0100,8021867,0,finalized,KXNFLGAME,2025-09-05,KC,LAC,Chiefs,Chargers,KC,Chiefs,Chiefs @ Chargers
Kansas City at Los Angeles C,Kansas City vs Los Angeles C Winner?,KXNFLGAME-25SEP05KCLAC-LAC,2025-09-06 03:14:15.684801+00:00,0.0000,1.0000,0.0000,1.0000,0.9900,4972614,0,finalized,KXNFLGAME,2025-09-05,KC,LAC,Chiefs,Chargers,LAC,Chargers,Chiefs @ Chargers
Tampa Bay at Atlanta,Tampa Bay vs Atlanta Winner?,KXNFLGAME-25SEP07TBATL-ATL,2025-09-07 20:29:21.971762+00:00,0.0000,1.0000,0.0000,1.0000,0.0100,2215717,0,finalized,KXNFLGAME,2025-09-07,TB,ATL,Buccaneers,Falcons,ATL,Falcons,Buccaneers @ Falcons
Tampa Bay at Atlanta,Tampa Bay vs Atlanta Winner?,KXNFLGAME-25SEP07TBATL-TB,2025-09-07 20:29:21.971762+00:00,0.0000,1.0000,0.0000,1.0000,0.9900,2135064,0,finalized,KXNFLGAME,2025-09-07,TB,ATL,Buccaneers,Falcons,TB,Buccaneers,Buccaneers @ Falcons
Baltimore at Buffalo,Baltimore vs Buffalo Winner?,KXNFLGAME-25SEP07BALBUF-BAL,2025-09-08 03:39:18.677910+00:00,0.0000,1.0000,0.0000,1.0000,0.0100,8193080,0,finalized,KXNFLGAME,2025-09-07,BAL,BUF,Ravens,Bills,BAL,Ravens,Ravens @ Bills
Baltimore at Buffalo,Baltimore vs Buffalo Winner?,KXNFLGAME-25SEP07BALBUF-BUF,2025-09-08 03:39:18.677910+00:00,0.0000,1.0000,0.0000,1.0000,0.9900,5166931,0,finalized,KXNFLGAME,2025-09-07,BAL,BUF,Ravens,Bills,BUF,Bills,Ravens @ Bills
Cincinnati at Cleveland,Cincinnati vs Cleveland Winner?,KXNFLGAME-25SEP07CINCLE-CIN,2025-09-07 20:13:09.087886+00:00,0.0000,1.0000,0.0000,1.0000,0.9900,2437800,0,finalized,KXNFLGAME,2025-09-07,CIN,CLE,Bengals,Browns,CIN,Bengals,Bengals @ Browns
Cincinnati at Cleveland,Cincinnati vs Cleveland Winner?,KXNFLGAME-25SEP07CINCLE-CLE,2025-09-07 20:13:09.087886+00:00,0.0000,1.0000,0.0000,1.0000,0.0100,791180,0,finalized,KXNFLGAME,2025-09-07,CIN,CLE,Bengals,Browns,CLE,Browns,Bengals @ Browns
Tennessee at Denver,Tennessee vs Denver Winner?,KXNFLGAME-25SEP07TENDEN-DEN,2025-09-07 23:35:51.768886+00:00,0.0000,1.0000,0.0000,1.0000,0.9900,3063436,0,finalized,KXNFLGAME,2025-09-07,TEN,DEN,Titans,Broncos,DEN,Broncos,Titans @ Broncos
Tennessee at Denver,Tennessee vs Denver Winner?,KXNFLGAME-25SEP07TENDEN-TEN,2025-09-07 23:35:51.768886+00:00,0.0000,1.0000,0.0000,1.0000,0.0100,2067623,0,finalized,KXNFLGAME,2025-09-07,TEN,DEN,Titans,Broncos,TEN,Titans,Titans @ Broncos
Detroit at Green Bay,Detroit vs Green Bay Winner?,KXNFLGAME-25SEP07DETGB-DET,2025-09-07 23:26:00.989398+00:00,0.0000,1.0000,0.0000,1.0000,0.0100,3622038,0,finalized,KXNFLGAME,2025-09-07,DET,GB,Lions,Packers,DET,Lions,Lions @ Packers
Detroit at Green Bay,Detroit vs Green Bay Winner?,KXNFLGAME-25SEP07DETGB-GB,2025-09-07 23:26:00.989398+00:00,0.0000,1.0000,0.0000,1.0000,0.9900,2473932,0,finalized,KXNFLGAME,2025-09-07,DET,GB,Lions,Packers,GB,Packers,Lions @ Packers
Miami at Indianapolis,Miami vs Indianapolis Winner?,KXNFLGAME-25SEP07MIAIND-IND,2025-09-07 19:50:38.344397+00:00,0.0000,1.0000,0.0000,1.0000,0.9900,749549,0,finalized,KXNFLGAME,2025-09-07,MIA,IND,Dolphins,Colts,IND,Colts,Dolphins @ Colts
Miami at Indianapolis,Miami vs Indianapolis Winner?,KXNFLGAME-25SEP07MIAIND-MIA,2025-09-07 19:50:38.344397+00:00,0.0000,1.0000,0.0000,1.0000,0.0100,3055685,0,finalized,KXNFLGAME,2025-09-07,MIA,IND,Dolphins,Colts,MIA,Dolphins,Dolphins @ Colts
Carolina at Jacksonville,Carolina vs Jacksonville Winner?,KXNFLGAME-25SEP07CARJAC-CAR,2025-09-07 21:15:23.848051+00:00,0.0000,1.0000,0.0000,1.0000,0.0100,723683,0,finalized,KXNFLGAME,2025-09-07,CAR,JAC,Panthers,Jaguars,CAR,Panthers,Panthers @ Jaguars
Carolina at Jacksonville,Carolina vs Jacksonville Winner?,KXNFLGAME-25SEP07CARJAC-JAC,2025-09-07 21:15:23.848051+00:00,0.0000,1.0000,0.0000,1.0000,0.9900,577287,0,finalized,KXNFLGAME,2025-09-07,CAR,JAC,Panthers,Jaguars,JAC,Jaguars,Panthers @ Jaguars
Houston at Los Angeles R,Houston vs Los Angeles R Winner?,KXNFLGAME-25SEP07HOULA-HOU,2025-09-07 23:23:40.971457+00:00,0.0000,1.0000,0.0000,1.0000,0.0100,1882619,0,finalized,KXNFLGAME,2025-09-07,HOU,LA,Texans,Los Angeles,HOU,Texans,Texans @ Los Angeles
Houston at Los Angeles R,Houston vs Los Angeles R Winner?,KXNFLGAME-25SEP07HOULA-LA,2025-09-07 23:23:40.971457+00:00,0.0000,1.0000,0.0000,1.0000,0.9900,1694649,0,finalized,KXNFLGAME,2025-09-07,HOU,LA,Texans,Los Angeles,LA,Los Angeles,Texans @ Los Angeles
Las Vegas at New England,Las Vegas vs New England Winner?,KXNFLGAME-25SEP07LVNE-LV,2025-09-07 20:14:01.231335+00:00,0.0000,1.0000,0.0000,1.0000,0.9900,969297,0,finalized,KXNFLGAME,2025-09-07,LV,NE,Raiders,Patriots,LV,Raiders,Raiders @ Patriots
Las Vegas at New England,Las Vegas vs New England Winner?,KXNFLGAME-25SEP07LVNE-NE,2025-09-07 20:14:01.231335+00:00,0.0000,1.0000,0.0000,1.0000,0.0100,922110,0,finalized,KXNFLGAME,2025-09-07,LV,NE,Raiders,Patriots,NE,Patriots,Raiders @ Patriots
Arizona at New Orleans,Arizona vs New Orleans Winner?,KXNFLGAME-25SEP07ARINO-ARI,2025-09-07 20:11:46.249261+00:00,0.0000,1.0000,0.0000,1.0000,0.9900,1662445,0,finalized,KXNFLGAME,2025-09-07,ARI,NO,Cardinals,Saints,ARI,Cardinals,Cardinals @ Saints
Arizona at New Orleans,Arizona vs New Orleans Winner?,KXNFLGAME-25SEP07ARINO-NO,2025-09-07 20:11:46.249261+00:00,0.0000,1.0000,0.0000,1.0000,0.0100,1107314,0,finalized,KXNFLGAME,2025-09-07,ARI,NO,Cardinals,Saints,NO,Saints,Cardinals @ Saints
Pittsburgh at New York J,Pittsburgh vs New York J Winner?,KXNFLGAME-25SEP07PITNYJ-NYJ,2025-09-07 20:11:17.094750+00:00,0.0000,1.0000,0.0000,1.0000,0.0100,1324141,0,finalized,KXNFLGAME,2025-09-07,PIT,NYJ,Steelers,Jets,NYJ,Jets,Steelers @ Jets
Pittsburgh at New York J,Pittsburgh vs New York J Winner?,KXNFLGAME-25SEP07PITNYJ-PIT,2025-09-07 20:11:17.094750+00:00,0.0000,1.0000,0.0000,1.0000,0.9900,2101740,0,finalized,KXNFLGAME,2025-09-07,PIT,NYJ,Steelers,Jets,PIT,Steelers,Steelers @ Jets
San Francisco at Seattle,San Francisco vs Seattle Winner?,KXNFLGAME-25SEP07SFSEA-SEA,2025-09-07 23:07:41.351531+00:00,0.0000,1.0000,0.0000,1.0000,0.0100,2208364,0,finalized,KXNFLGAME,2025-09-07,SF,SEA,49ers,Seahawks,SEA,Seahawks,49ers @ Seahawks
San Francisco at Seattle,San Francisco vs Seattle Winner?,KXNFLGAME-25SEP07SFSEA-SF,2025-09-07 23:07:41.351531+00:00,0.0000,1.0000,0.0000,1.0000,0.9900,2598116,0,finalized,KXNFLGAME,2025-09-07,SF,SEA,49ers,Seahawks,SF,49ers,49ers @ Seahawks
New York G at Washington,New York G vs Washington Winner?,KXNFLGAME-25SEP07NYGWAS-NYG,2025-09-07 20:15:39.928056+00:00,0.0000,1.0000,0.0000,1.0000,0.0100,1172919,0,finalized,KXNFLGAME,2025-09-07,NYG,WAS,Giants,Commanders,NYG,Giants,Giants @ Commanders
New York G at Washington,New York G vs Washington Winner?,KXNFLGAME-25SEP07NYGWAS-WAS,2025-09-07 20:15:39.928056+00:00,0.0000,1.0000,0.0000,1.0000,0.9900,1477849,0,finalized,KXNFLGAME,2025-09-07,NYG,WAS,Giants,Commanders,WAS,Commanders,Giants @ Commanders
Minnesota at Chicago,Minnesota vs Chicago Winner?,KXNFLGAME-25SEP08MINCHI-CHI,2025-09-09 03:34:31.444354+00:00,0.0000,1.0000,0.0000,1.0000,0.0100,5641429,0,finalized,KXNFLGAME,2025-09-08,MIN,CHI,Vikings,Bears,CHI,Bears,Vikings @ Bears
Minnesota at Chicago,Minnesota vs Chicago Winner?,KXNFLGAME-25SEP08MINCHI-MIN,2025-09-09 03:34:31.444354+00:00,0.0000,1.0000,0.0000,1.0000,0.9900,8334538,0,finalized,KXNFLGAME,2025-09-08,MIN,CHI,Vikings,Bears,MIN,Vikings,Vikings @ Bears
Washington at Green Bay,Washington vs Green Bay Winner?,KXNFLGAME-25SEP11WASGB-GB,2025-09-12 03:29:48.860275+00:00,0.0000,1.0000,0.0000,1.0000,0.9900,6891826,0,finalized,KXNFLGAME,2025-09-11,WAS,GB,Commanders,Packers,GB,Packers,Commanders @ Packers
Washington at Green Bay,Washington vs Green Bay Winner?,KXNFLGAME-25SEP11WASGB-WAS,2025-09-12 03:29:48.860275+00:00,0.0000,1.0000,0.0000,1.0000,0.0100,7556448,0,finalized,KXNFLGAME,2025-09-11,WAS,GB,Commanders,Packers,WAS,Commanders,Commanders @ Packers
Carolina at Arizona,Carolina vs Arizona Winner?,KXNFLGAME-25SEP14CARARI-ARI,2025-09-14 23:24:28.260677+00:00,0.0000,1.0000,0.0000,1.0000,0.9900,1841974,0,finalized,KXNFLGAME,2025-09-14,CAR,ARI,Panthers,Cardinals,ARI,Cardinals,Panthers @ Cardinals
Carolina at Arizona,Carolina vs Arizona Winner?,KXNFLGAME-25SEP14CARARI-CAR,2025-09-14 23:24:28.260677+00:00,0.0000,1.0000,0.0000,1.0000,0.0100,2259739,0,finalized,KXNFLGAME,2025-09-14,CAR,ARI,Panthers,Cardinals,CAR,Panthers,Panthers @ Cardinals
Cleveland at Baltimore,Cleveland vs Baltimore Winner?,KXNFLGAME-25SEP14CLEBAL-BAL,2025-09-14 20:09:49.445460+00:00,0.0000,1.0000,0.0000,1.0000,0.9900,1487696,0,finalized,KXNFLGAME,2025-09-14,CLE,BAL,Browns,Ravens,BAL,Ravens,Browns @ Ravens
Cleveland at Baltimore,Cleveland vs Baltimore Winner?,KXNFLGAME-25SEP14CLEBAL-CLE,2025-09-14 20:09:49.445460+00:00,0.0000,1.0000,0.0000,1.0000,0.0100,1867632,0,finalized,KXNFLGAME,2025-09-14,CLE,BAL,Browns,Ravens,CLE,Browns,Browns @ Ravens
Jacksonville at Cincinnati,Jacksonville vs Cincinnati Winner?,KXNFLGAME-25SEP14JACCIN-CIN,2025-09-14 20:15:48.291747+00:00,0.0000,1.0000,0.0000,1.0000,0.9900,1721405,0,finalized,KXNFLGAME,2025-09-14,JAC,CIN,Jaguars,Bengals,CIN,Bengals,Jaguars @ Bengals
Jacksonville at Cincinnati,Jacksonville vs Cincinnati Winner?,KXNFLGAME-25SEP14JACCIN-JAC,2025-09-14 20:15:48.291747+00:00,0.0000,1.0000,0.0000,1.0000,0.0100,1343645,0,finalized,KXNFLGAME,2025-09-14,JAC,CIN,Jaguars,Bengals,JAC,Jaguars,Jaguars @ Bengals
New York G at Dallas,New York G vs Dallas Winner?,KXNFLGAME-25SEP14NYGDAL-DAL,2025-09-14 20:44:37.448287+00:00,0.0000,1.0000,0.0000,1.0000,0.9900,4995474,0,finalized,KXNFLGAME,2025-09-14,NYG,DAL,Giants,Cowboys,DAL,Cowboys,Giants @ Cowboys
New York G at Dallas,New York G vs Dallas Winner?,KXNFLGAME-25SEP14NYGDAL-NYG,2025-09-14 20:44:37.448287+00:00,0.0000,1.0000,0.0000,1.0000,0.0100,2527673,0,finalized,KXNFLGAME,2025-09-14,NYG,DAL,Giants,Cowboys,NYG,Giants,Giants @ Cowboys
Chicago at Detroit,Chicago vs Detroit Winner?,KXNFLGAME-25SEP14CHIDET-CHI,2025-09-14 20:19:39.598820+00:00,0.0000,1.0000,0.0000,1.0000,0.0100,1253265,0,finalized,KXNFLGAME,2025-09-14,CHI,DET,Bears,Lions,CHI,Bears,Bears @ Lions
Chicago at Detroit,Chicago vs Detroit Winner?,KXNFLGAME-25SEP14CHIDET-DET,2025-09-14 20:19:39.598820+00:00,0.0000,1.0000,0.0000,1.0000,0.9900,1791868,0,finalized,KXNFLGAME,2025-09-14,CHI,DET,Bears,Lions,DET,Lions,Bears @ Lions
Denver at Indianapolis,Denver vs Indianapolis Winner?,KXNFLGAME-25SEP14DENIND-DEN,2025-09-14 23:10:52.197021+00:00,0.0000,1.0000,0.0000,1.0000,0.0100,3100334,0,finalized,KXNFLGAME,2025-09-14,DEN,IND,Broncos,Colts,DEN,Broncos,Broncos @ Colts
Denver at Indianapolis,Denver vs Indianapolis Winner?,KXNFLGAME-25SEP14DENIND-IND,2025-09-14 23:10:52.197021+00:00,0.0000,1.0000,0.0000,1.0000,0.9900,2566782,0,finalized,KXNFLGAME,2025-09-14,DEN,IND,Broncos,Colts,IND,Colts,Broncos @ Colts
Philadelphia at Kansas City,Philadelphia vs Kansas City Winner?,KXNFLGAME-25SEP14PHIKC-KC,2025-09-14 23:24:16.927702+00:00,0.0000,1.0000,0.0000,1.0000,0.0100,4662577,0,finalized,KXNFLGAME,2025-09-14,PHI,KC,Eagles,Chiefs,KC,Chiefs,Eagles @ Chiefs
Philadelphia at Kansas City,Philadelphia vs Kansas City Winner?,KXNFLGAME-25SEP14PHIKC-PHI,2025-09-14 23:24:16.927702+00:00,0.0000,1.0000,0.0000,1.0000,0.9900,7922871,0,finalized,KXNFLGAME,2025-09-14,PHI,KC,Eagles,Chiefs,PHI,Eagles,Eagles @ Chiefs
New England at Miami,New England vs Miami Winner?,KXNFLGAME-25SEP14NEMIA-MIA,2025-09-14 20:16:17.877966+00:00,0.0000,1.0000,0.0000,1.0000,0.0100,1726438,0,finalized,KXNFLGAME,2025-09-14,NE,MIA,Patriots,Dolphins,MIA,Dolphins,Patriots @ Dolphins
New England at Miami,New England vs Miami Winner?,KXNFLGAME-25SEP14NEMIA-NE,2025-09-14 20:16:17.877966+00:00,0.0000,1.0000,0.0000,1.0000,0.9900,1754669,0,finalized,KXNFLGAME,2025-09-14,NE,MIA,Patriots,Dolphins,NE,Patriots,Patriots @ Dolphins
Atlanta at Minnesota,Atlanta vs Minnesota Winner?,KXNFLGAME-25SEP14ATLMIN-ATL,2025-09-15 03:19:28.285249+00:00,0.0000,1.0000,0.0000,1.0000,0.9900,6538623,0,finalized,KXNFLGAME,2025-09-14,ATL,MIN,Falcons,Vikings,ATL,Falcons,Falcons @ Vikings
Atlanta at Minnesota,Atlanta vs Minnesota Winner?,KXNFLGAME-25SEP14ATLMIN-MIN,2025-09-15 03:19:28.285249+00:00,0.0000,1.0000,0.0000,1.0000,0.0100,9183346,0,finalized,KXNFLGAME,2025-09-14,ATL,MIN,Falcons,Vikings,MIN,Vikings,Falcons @ Vikings
San Francisco at New Orleans,San Francisco vs New Orleans Winner?,KXNFLGAME-25SEP14SFNO-NO,2025-09-14 20:20:36.218210+00:00,0.0000,1.0000,0.0000,1.0000,0.0100,1001878,0,finalized,KXNFLGAME,2025-09-14,SF,NO,49ers,Saints,NO,Saints,49ers @ Saints
San Francisco at New Orleans,San Francisco vs New Orleans Winner?,KXNFLGAME-25SEP14SFNO-SF,2025-09-14 20:20:36.218210+00:00,0.0000,1.0000,0.0000,1.0000,0.9900,1704054,0,finalized,KXNFLGAME,2025-09-14,SF,NO,49ers,Saints,SF,49ers,49ers @ Saints
Buffalo at New York J,Buffalo vs New York J Winner?,KXNFLGAME-25SEP14BUFNYJ-BUF,2025-09-14 20:04:54.733443+00:00,0.0000,1.0000,0.0000,1.0000,0.9900,2252091,0,finalized,KXNFLGAME,2025-09-14,BUF,NYJ,Bills,Jets,BUF,Bills,Bills @ Jets
Buffalo at New York J,Buffalo vs New York J Winner?,KXNFLGAME-25SEP14BUFNYJ-NYJ,2025-09-14 20:04:54.733443+00:00,0.0000,1.0000,0.0000,1.0000,0.0100,1616532,0,finalized,KXNFLGAME,2025-09-14,BUF,NYJ,Bills,Jets,NYJ,Jets,Bills @ Jets
Seattle at Pittsburgh,Seattle vs Pittsburgh Winner?,KXNFLGAME-25SEP14SEAPIT-PIT,2025-09-14 20:07:41.382041+00:00,0.0000,1.0000,0.0000,1.0000,0.0100,2368136,0,finalized,KXNFLGAME,2025-09-14,SEA,PIT,Seahawks,Steelers,PIT,Steelers,Seahawks @ Steelers
Seattle at Pittsburgh,Seattle vs Pittsburgh Winner?,KXNFLGAME-25SEP14SEAPIT-SEA,2025-09-14 20:07:41.382041+00:00,0.0000,1.0000,0.0000,1.0000,0.9900,1603032,0,finalized,KXNFLGAME,2025-09-14,SEA,PIT,Seahawks,Steelers,SEA,Seahawks,Seahawks @ Steelers
Los Angeles R at Tennessee,Los Angeles R vs Tennessee Winner?,KXNFLGAME-25SEP14LATEN-LA,2025-09-14 20:23:08.512027+00:00,0.0000,1.0000,0.0000,1.0000,0.9900,1380313,0,finalized,KXNFLGAME,2025-09-14,LA,TEN,Los Angeles,Titans,LA,Los Angeles,Los Angeles @ Titans
Los Angeles R at Tennessee,Los Angeles R vs Tennessee Winner?,KXNFLGAME-25SEP14LATEN-TEN,2025-09-14 20:23:08.512027+00:00,0.0000,1.0000,0.0000,1.0000,0.0100,689317,0,finalized,KXNFLGAME,2025-09-14,LA,TEN,Los Angeles,Titans,TEN,Titans,Los Angeles @ Titans
Tampa Bay at Houston,Tampa Bay vs Houston Winner?,KXNFLGAME-25SEP15TBHOU-HOU,2025-09-16 02:04:02.523317+00:00,0.0000,1.0000,0.0000,1.0000,0.0100,4624268,0,finalized,KXNFLGAME,2025-09-15,TB,HOU,Buccaneers,Texans,HOU,Texans,Buccaneers @ Texans
Tampa Bay at Houston,Tampa Bay vs Houston Winner?,KXNFLGAME-25SEP15TBHOU-TB,2025-09-16 02:04:02.523317+00:00,0.0000,1.0000,0.0000,1.0000,0.9900,7273837,0,finalized,KXNFLGAME,2025-09-15,TB,HOU,Buccaneers,Texans,TB,Buccaneers,Buccaneers @ Texans
Los Angeles C at Las Vegas,Los Angeles C vs Las Vegas Winner?,KXNFLGAME-25SEP15LACLV-LAC,2025-09-16 04:59:38.776757+00:00,0.0000,1.0000,0.0000,1.0000,0.9900,10114771,0,finalized,KXNFLGAME,2025-09-15,LAC,LV,Chargers,Raiders,LAC,Chargers,Chargers @ Raiders
Los Angeles C at Las Vegas,Los Angeles C vs Las Vegas Winner?,KXNFLGAME-25SEP15LACLV-LV,2025-09-16 04:59:38.776757+00:00,0.0000,1.0000,0.0000,1.0000,0.0100,7819446,0,finalized,KXNFLGAME,2025-09-15,LAC,LV,Chargers,Raiders,LV,Raiders,Chargers @ Raiders
Miami at Buffalo,Miami at Buffalo Winner?,KXNFLGAME-25SEP18MIABUF-BUF,2025-09-19 03:14:37.004124+00:00,0.0000,1.0000,0.0000,1.0000,0.9900,11396636,0,finalized,KXNFLGAME,2025-09-18,MIA,BUF,Dolphins,Bills,BUF,Bills,Dolphins @ Bills
Miami at Buffalo,Miami at Buffalo Winner?,KXNFLGAME-25SEP18MIABUF-MIA,2025-09-19 03:14:37.004124+00:00,0.0000,1.0000,0.0000,1.0000,0.0100,9530846,0,finalized,KXNFLGAME,2025-09-18,MIA,BUF,Dolphins,Bills,MIA,Dolphins,Dolphins @ Bills
Atlanta at Carolina,Atlanta at Carolina Winner?,KXNFLGAME-25SEP21ATLCAR-ATL,2025-09-21 20:00:36.076049+00:00,0.0000,1.0000,0.0000,1.0000,0.0100,2878073,0,finalized,KXNFLGAME,2025-09-21,ATL,CAR,Falcons,Panthers,ATL,Falcons,Falcons @ Panthers
Atlanta at Carolina,Atlanta at Carolina Winner?,KXNFLGAME-25SEP21ATLCAR-CAR,2025-09-21 20:00:36.076049+00:00,0.0000,1.0000,0.0000,1.0000,0.9900,1212154,0,finalized,KXNFLGAME,2025-09-21,ATL,CAR,Falcons,Panthers,CAR,Panthers,Falcons @ Panthers
Dallas at Chicago,Dallas at Chicago Winner?,KXNFLGAME-25SEP21DALCHI-CHI,2025-09-21 23:19:33.649416+00:00,0.0000,1.0000,0.0000,1.0000,0.9900,3542640,0,finalized,KXNFLGAME,2025-09-21,DAL,CHI,Cowboys,Bears,CHI,Bears,Cowboys @ Bears
Dallas at Chicago,Dallas at Chicago Winner?,KXNFLGAME-25SEP21DALCHI-DAL,2025-09-21 23:19:33.649416+00:00,0.0000,1.0000,0.0000,1.0000,0.0100,10476269,0,finalized,KXNFLGAME,2025-09-21,DAL,CHI,Cowboys,Bears,DAL,Cowboys,Cowboys @ Bears
Green Bay at Cleveland,Green Bay at Cleveland Winner?,KXNFLGAME-25SEP21GBCLE-CLE,2025-09-21 20:10:07.999605+00:00,0.0000,1.0000,0.0000,1.0000,0.9900,1356345,0,finalized,KXNFLGAME,2025-09-21,GB,CLE,Packers,Browns,CLE,Browns,Packers @ Browns
Green Bay at Cleveland,Green Bay at Cleveland Winner?,KXNFLGAME-25SEP21GBCLE-GB,2025-09-21 20:10:07.999605+00:00,0.0000,1.0000,0.0000,1.0000,0.0100,5730420,0,finalized,KXNFLGAME,2025-09-21,GB,CLE,Packers,Browns,GB,Packers,Packers @ Browns
Houston at Jacksonville,Houston at Jacksonville Winner?,KXNFLGAME-25SEP21HOUJAC-HOU,2025-09-21 20:10:06.504174+00:00,0.0000,1.0000,0.0000,1.0000,0.0100,2968462,0,finalized,KXNFLGAME,2025-09-21,HOU,JAC,Texans,Jaguars,HOU,Texans,Texans @ Jaguars
Houston at Jacksonville,Houston at Jacksonville Winner?,KXNFLGAME-25SEP21HOUJAC-JAC,2025-09-21 20:10:06.504174+00:00,0.0000,1.0000,0.0000,1.0000,0.9900,2034953,0,finalized,KXNFLGAME,2025-09-21,HOU,JAC,Texans,Jaguars,JAC,Jaguars,Texans @ Jaguars
Denver at Los Angeles C,Denver at Los Angeles C Winner?,KXNFLGAME-25SEP21DENLAC-DEN,2025-09-21 23:19:33.427108+00:00,0.0000,1.0000,0.0000,1.0000,0.0100,2564810,0,finalized,KXNFLGAME,2025-09-21,DEN,LAC,Broncos,Chargers,DEN,Broncos,Broncos @ Chargers
Denver at Los Angeles C,Denver at Los Angeles C Winner?,KXNFLGAME-25SEP21DENLAC-LAC,2025-09-21 23:19:33.427108+00:00,0.0000,1.0000,0.0000,1.0000,0.9900,7604507,0,finalized,KXNFLGAME,2025-09-21,DEN,LAC,Broncos,Chargers,LAC,Chargers,Broncos @ Chargers
Cincinnati at Minnesota,Cincinnati at Minnesota Winner?,KXNFLGAME-25SEP21CINMIN-CIN,2025-09-21 20:14:47.236359+00:00,0.0000,1.0000,0.0000,1.0000,0.0100,2289479,0,finalized,KXNFLGAME,2025-09-21,CIN,MIN,Bengals,Vikings,CIN,Bengals,Bengals @ Vikings
Cincinnati at Minnesota,Cincinnati at Minnesota Winner?,KXNFLGAME-25SEP21CINMIN-MIN,2025-09-21 20:14:47.236359+00:00,0.0000,1.0000,0.0000,1.0000,0.9900,1588302,0,finalized,KXNFLGAME,2025-09-21,CIN,MIN,Bengals,Vikings,MIN,Vikings,Bengals @ Vikings
Pittsburgh at New England,Pittsburgh at New England Winner?,KXNFLGAME-25SEP21PITNE-NE,2025-09-21 20:00:24.136244+00:00,0.0000,1.0000,0.0000,1.0000,0.0100,1713591,0,finalized,KXNFLGAME,2025-09-21,PIT,NE,Steelers,Patriots,NE,Patriots,Steelers @ Patriots
Pittsburgh at New England,Pittsburgh at New England Winner?,KXNFLGAME-25SEP21PITNE-PIT,2025-09-21 20:00:24.136244+00:00,0.0000,1.0000,0.0000,1.0000,0.9900,2837290,0,finalized,KXNFLGAME,2025-09-21,PIT,NE,Steelers,Patriots,PIT,Steelers,Steelers @ Patriots
Kansas City at New York G,Kansas City at New York G Winner?,KXNFLGAME-25SEP21KCNYG-KC,2025-09-22 03:29:39.727297+00:00,0.0000,1.0000,0.0000,1.0000,0.9900,12489833,0,finalized,KXNFLGAME,2025-09-21,KC,NYG,Chiefs,Giants,KC,Chiefs,Chiefs @ Giants
Kansas City at New York G,Kansas City at New York G Winner?,KXNFLGAME-25SEP21KCNYG-NYG,2025-09-22 03:29:39.727297+00:00,0.0000,1.0000,0.0000,1.0000,0.0100,9156835,0,finalized,KXNFLGAME,2025-09-21,KC,NYG,Chiefs,Giants,NYG,Giants,Chiefs @ Giants
Los Angeles R at Philadelphia,Los Angeles R at Philadelphia Winner?,KXNFLGAME-25SEP21LAPHI-LA,2025-09-21 20:10:07.969303+00:00,0.0000,1.0000,0.0000,1.0000,0.0100,4745857,0,finalized,KXNFLGAME,2025-09-21,LA,PHI,Los Angeles,Eagles,LA,Los Angeles,Los Angeles @ Eagles
Los Angeles R at Philadelphia,Los Angeles R at Philadelphia Winner?,KXNFLGAME-25SEP21LAPHI-PHI,2025-09-21 20:10:07.969303+00:00,0.0000,1.0000,0.0000,1.0000,0.9900,4572741,0,finalized,KXNFLGAME,2025-09-21,LA,PHI,Los Angeles,Eagles,PHI,Eagles,Los Angeles @ Eagles
New Orleans at Seattle,New Orleans at Seattle Winner?,KXNFLGAME-25SEP21NOSEA-NO,2025-09-21 23:09:38.904968+00:00,0.0000,1.0000,0.0000,1.0000,0.0100,2304236,0,finalized,KXNFLGAME,2025-09-21,NO,SEA,Saints,Seahawks,NO,Saints,Saints @ Seahawks
New Orleans at Seattle,New Orleans at Seattle Winner?,KXNFLGAME-25SEP21NOSEA-SEA,2025-09-21 23:09:38.904968+00:00,0.0000,1.0000,0.0000,1.0000,0.9900,1119607,0,finalized,KXNFLGAME,2025-09-21,NO,SEA,Saints,Seahawks,SEA,Seahawks,Saints @ Seahawks
Arizona at San Francisco,Arizona at San Francisco Winner?,KXNFLGAME-25SEP21ARISF-ARI,2025-09-21 23:22:40.532553+00:00,0.0000,1.0000,0.0000,1.0000,0.0100,3668734,0,finalized,KXNFLGAME,2025-09-21,ARI,SF,Cardinals,49ers,ARI,Cardinals,Cardinals @ 49ers
Arizona at San Francisco,Arizona at San Francisco Winner?,KXNFLGAME-25SEP21ARISF-SF,2025-09-21 23:22:40.532553+00:00,0.0000,1.0000,0.0000,1.0000,0.9900,3644528,0,finalized,KXNFLGAME,2025-09-21,ARI,SF,Cardinals,49ers,SF,49ers,Cardinals @ 49ers
New York J at Tampa Bay,New York J at Tampa Bay Winner?,KXNFLGAME-25SEP21NYJTB-NYJ,2025-09-21 20:21:54.333285+00:00,0.0000,1.0000,0.0000,1.0000,0.0100,1919029,0,finalized,KXNFLGAME,2025-09-21,NYJ,TB,Jets,Buccaneers,NYJ,Jets,Jets @ Buccaneers
New York J at Tampa Bay,New York J at Tampa Bay Winner?,KXNFLGAME-25SEP21NYJTB-TB,2025-09-21 20:21:54.333285+00:00,0.0000,1.0000,0.0000,1.0000,0.9900,3393316,0,finalized,KXNFLGAME,2025-09-21,NYJ,TB,Jets,Buccaneers,TB,Buccaneers,Jets @ Buccaneers
Indianapolis at Tennessee,Indianapolis at Tennessee Winner?,KXNFLGAME-25SEP21INDTEN-IND,2025-09-21 20:05:07.676827+00:00,0.0000,1.0000,0.0000,1.0000,0.9900,1533842,0,finalized,KXNFLGAME,2025-09-21,IND,TEN,Colts,Titans,IND,Colts,Colts @ Titans
Indianapolis at Tennessee,Indianapolis at Tennessee Winner?,KXNFLGAME-25SEP21INDTEN-TEN,2025-09-21 20:05:07.676827+00:00,0.0000,1.0000,0.0000,1.0000,0.0100,773756,0,finalized,KXNFLGAME,2025-09-21,IND,TEN,Colts,Titans,TEN,Titans,Colts @ Titans
Las Vegas at Washington,Las Vegas at Washington Winner?,KXNFLGAME-25SEP21LVWAS-LV,2025-09-21 20:10:06.256557+00:00,0.0000,1.0000,0.0000,1.0000,0.0100,1805011,0,finalized,KXNFLGAME,2025-09-21,LV,WAS,Raiders,Commanders,LV,Raiders,Raiders @ Commanders
Las Vegas at Washington,Las Vegas at Washington Winner?,KXNFLGAME-25SEP21LVWAS-WAS,2025-09-21 20:10:06.256557+00:00,0.0000,1.0000,0.0000,1.0000,0.9900,1643013,0,finalized,KXNFLGAME,2025-09-21,LV,WAS,Raiders,Commanders,WAS,Commanders,Raiders @ Commanders
Detroit at Baltimore,Detroit at Baltimore Winner?,KXNFLGAME-25SEP22DETBAL-BAL,2025-09-23 03:19:33.437786+00:00,0.0000,1.0000,0.0000,1.0000,0.0100,11362544,0,finalized,KXNFLGAME,2025-09-22,DET,BAL,Lions,Ravens,BAL,Ravens,Lions @ Ravens
Detroit at Baltimore,Detroit at Baltimore Winner?,KXNFLGAME-25SEP22DETBAL-DET,2025-09-23 03:19:33.437786+00:00,0.0000,1.0000,0.0000,1.0000,0.9900,10911242,0,finalized,KXNFLGAME,2025-09-22,DET,BAL,Lions,Ravens,DET,Lions,Lions @ Ravens
Seattle at Arizona,Seattle at Arizona Winner?,KXNFLGAME-25SEP25SEAARI-ARI,2025-09-26 03:19:34.712183+00:00,0.0000,1.0000,0.0000,1.0000,0.0100,6504561,0,finalized,KXNFLGAME,2025-09-25,SEA,ARI,Seahawks,Cardinals,ARI,Cardinals,Seahawks @ Cardinals
Seattle at Arizona,Seattle at Arizona Winner?,KXNFLGAME-25SEP25SEAARI-SEA,2025-09-26 03:19:34.712183+00:00,0.0000,1.0000,0.0000,1.0000,0.9900,14391964,0,finalized,KXNFLGAME,2025-09-25,SEA,ARI,Seahawks,Cardinals,SEA,Seahawks,Seahawks @ Cardinals
Washington at Atlanta,Washington at Atlanta Winner?,KXNFLGAME-25SEP28WASATL-ATL,2025-09-28 20:00:00.694647+00:00,0.0000,1.0000,0.0000,1.0000,0.9900,1785379,0,finalized,KXNFLGAME,2025-09-28,WAS,ATL,Commanders,Falcons,ATL,Falcons,Commanders @ Falcons
Washington at Atlanta,Washington at Atlanta Winner?,KXNFLGAME-25SEP28WASATL-WAS,2025-09-28 20:00:00.694647+00:00,0.0000,1.0000,0.0000,1.0000,0.0100,3358180,0,finalized,KXNFLGAME,2025-09-28,WAS,ATL,Commanders,Falcons,WAS,Commanders,Commanders @ Falcons
New Orleans at Buffalo,New Orleans at Buffalo Winner?,KXNFLGAME-25SEP28NOBUF-BUF,2025-09-28 20:14:49.553576+00:00,0.0000,1.0000,0.0000,1.0000,0.9900,2925362,0,finalized,KXNFLGAME,2025-09-28,NO,BUF,Saints,Bills,BUF,Bills,Saints @ Bills
New Orleans at Buffalo,New Orleans at Buffalo Winner?,KXNFLGAME-25SEP28NOBUF-NO,2025-09-28 20:14:49.553576+00:00,0.0000,1.0000,0.0000,1.0000,0.0100,3454773,0,finalized,KXNFLGAME,2025-09-28,NO,BUF,Saints,Bills,NO,Saints,Saints @ Bills
Green Bay at Dallas,Green Bay at Dallas Winner?,KXNFLGAME-25SEP28GBDAL-DAL,,0.0000,1.0000,0.0000,1.0000,0.4900,7952650,36399486,finalized,KXNFLGAME,2025-09-28,GB,DAL,Packers,Cowboys,DAL,Cowboys,Packers @ Cowboys
Green Bay at Dallas,Green Bay at Dallas Winner?,KXNFLGAME-25SEP28GBDAL-GB,,0.0000,1.0000,0.0000,1.0000,0.4900,9186914,30708889,finalized,KXNFLGAME,2025-09-28,GB,DAL,Packers,Cowboys,GB,Packers,Packers @ Cowboys
Cleveland at Detroit,Cleveland at Detroit Winner?,KXNFLGAME-25SEP28CLEDET-CLE,2025-09-28 20:09:49.241397+00:00,0.0000,1.0000,0.0000,1.0000,0.0100,1496705,0,finalized,KXNFLGAME,2025-09-28,CLE,DET,Browns,Lions,CLE,Browns,Browns @ Lions
Cleveland at Detroit,Cleveland at Detroit Winner?,KXNFLGAME-25SEP28CLEDET-DET,2025-09-28 20:09:49.241397+00:00,0.0000,1.0000,0.0000,1.0000,0.9900,2290899,0,finalized,KXNFLGAME,2025-09-28,CLE,DET,Browns,Lions,DET,Lions,Browns @ Lions
Tennessee at Houston,Tennessee at Houston Winner?,KXNFLGAME-25SEP28TENHOU-HOU,2025-09-28 19:49:44.577118+00:00,0.0000,1.0000,0.0000,1.0000,0.9900,597779,0,finalized,KXNFLGAME,2025-09-28,TEN,HOU,Titans,Texans,HOU,Texans,Titans @ Texans
Tennessee at Houston,Tennessee at Houston Winner?,KXNFLGAME-25SEP28TENHOU-TEN,2025-09-28 19:49:44.577118+00:00,0.0000,1.0000,0.0000,1.0000,0.0100,2374015,0,finalized,KXNFLGAME,2025-09-28,TEN,HOU,Titans,Texans,TEN,Titans,Titans @ Texans
Baltimore at Kansas City,Baltimore at Kansas City Winner?,KXNFLGAME-25SEP28BALKC-BAL,2025-09-28 23:24:29.319040+00:00,0.0000,1.0000,0.0000,1.0000,0.0100,4946776,0,finalized,KXNFLGAME,2025-09-28,BAL,KC,Ravens,Chiefs,BAL,Ravens,Ravens @ Chiefs
Baltimore at Kansas City,Baltimore at Kansas City Winner?,KXNFLGAME-25SEP28BALKC-KC,2025-09-28 23:24:29.319040+00:00,0.0000,1.0000,0.0000,1.0000,0.9900,5376435,0,finalized,KXNFLGAME,2025-09-28,BAL,KC,Ravens,Chiefs,KC,Chiefs,Ravens @ Chiefs
Indianapolis at Los Angeles R,Indianapolis at Los Angeles R Winner?,KXNFLGAME-25SEP28INDLA-IND,2025-09-28 23:04:35.579737+00:00,0.0000,1.0000,0.0000,1.0000,0.0100,3645374,0,finalized,KXNFLGAME,2025-09-28,IND,LA,Colts,Los Angeles,IND,Colts,Colts @ Los Angeles
Indianapolis at Los Angeles R,Indianapolis at Los Angeles R Winner?,KXNFLGAME-25SEP28INDLA-LA,2025-09-28 23:04:35.579737+00:00,0.0000,1.0000,0.0000,1.0000,0.9900,4050549,0,finalized,KXNFLGAME,2025-09-28,IND,LA,Colts,Los Angeles,LA,Los Angeles,Colts @ Los Angeles
Chicago at Las Vegas,Chicago at Las Vegas Winner?,KXNFLGAME-25SEP28CHILV-CHI,2025-09-28 23:31:37.538062+00:00,0.0000,1.0000,0.0000,1.0000,0.9900,5230889,0,finalized,KXNFLGAME,2025-09-28,CHI,LV,Bears,Raiders,CHI,Bears,Bears @ Raiders
Chicago at Las Vegas,Chicago at Las Vegas Winner?,KXNFLGAME-25SEP28CHILV-LV,2025-09-28 23:31:37.538062+00:00,0.0000,1.0000,0.0000,1.0000,0.0100,3614988,0,finalized,KXNFLGAME,2025-09-28,CHI,LV,Bears,Raiders,LV,Raiders,Bears @ Raiders
Carolina at New England,Carolina at New England Winner?,KXNFLGAME-25SEP28CARNE-CAR,2025-09-28 20:00:01.686307+00:00,0.0000,1.0000,0.0000,1.0000,0.0100,1843663,0,finalized,KXNFLGAME,2025-09-28,CAR,NE,Panthers,Patriots,CAR,Panthers,Panthers @ Patriots
Carolina at New England,Carolina at New England Winner?,KXNFLGAME-25SEP28CARNE-NE,2025-09-28 20:00:01.686307+00:00,0.0000,1.0000,0.0000,1.0000,0.9900,831989,0,finalized,KXNFLGAME,2025-09-28,CAR,NE,Panthers,Patriots,NE,Patriots,Panthers @ Patriots
Los Angeles C at New York G,Los Angeles C at New York G Winner?,KXNFLGAME-25SEP28LACNYG-LAC,2025-09-28 20:14:48.963656+00:00,0.0000,1.0000,0.0000,1.0000,0.0100,8238694,0,finalized,KXNFLGAME,2025-09-28,LAC,NYG,Chargers,Giants,LAC,Chargers,Chargers @ Giants
Los Angeles C at New York G,Los Angeles C at New York G Winner?,KXNFLGAME-25SEP28LACNYG-NYG,2025-09-28 20:14:48.963656+00:00,0.0000,1.0000,0.0000,1.0000,0.9900,5119480,0,finalized,KXNFLGAME,2025-09-28,LAC,NYG,Chargers,Giants,NYG,Giants,Chargers @ Giants
Minnesota at Pittsburgh,Minnesota at Pittsburgh Winner?,KXNFLGAME-25SEP28MINPIT-MIN,2025-09-28 16:49:31.360098+00:00,0.0000,1.0000,0.0000,1.0000,0.0100,5770615,0,finalized,KXNFLGAME,2025-09-28,MIN,PIT,Vikings,Steelers,MIN,Vikings,Vikings @ Steelers
Minnesota at Pittsburgh,Minnesota at Pittsburgh Winner?,KXNFLGAME-25SEP28MINPIT-PIT,2025-09-28 16:49:31.360098+00:00,0.0000,1.0000,0.0000,1.0000,0.9900,4952931,0,finalized,KXNFLGAME,2025-09-28,MIN,PIT,Vikings,Steelers,PIT,Steelers,Vikings @ Steelers
Jacksonville at San Francisco,Jacksonville at San Francisco Winner?,KXNFLGAME-25SEP28JACSF-JAC,2025-09-28 23:14:40.787307+00:00,0.0000,1.0000,0.0000,1.0000,0.9900,3553895,0,finalized,KXNFLGAME,2025-09-28,JAC,SF,Jaguars,49ers,JAC,Jaguars,Jaguars @ 49ers
Jacksonville at San Francisco,Jacksonville at San Francisco Winner?,KXNFLGAME-25SEP28JACSF-SF,2025-09-28 23:14:40.787307+00:00,0.0000,1.0000,0.0000,1.0000,0.0100,5878165,0,finalized,KXNFLGAME,2025-09-28,JAC,SF,Jaguars,49ers,SF,49ers,Jaguars @ 49ers
Philadelphia at Tampa Bay,Philadelphia at Tampa Bay Winner?,KXNFLGAME-25SEP28PHITB-PHI,2025-09-28 20:24:40.184829+00:00,0.0000,1.0000,0.0000,1.0000,0.9900,3548020,0,finalized,KXNFLGAME,2025-09-28,PHI,TB,Eagles,Buccaneers,PHI,Eagles,Eagles @ Buccaneers
Philadelphia at Tampa Bay,Philadelphia at Tampa Bay Winner?,KXNFLGAME-25SEP28PHITB-TB,2025-09-28 20:24:40.184829+00:00,0.0000,1.0000,0.0000,1.0000,0.0100,4474813,0,finalized,KXNFLGAME,2025-09-28,PHI,TB,Eagles,Buccaneers,TB,Buccaneers,Eagles @ Buccaneers
Cincinnati at Denver,Cincinnati at Denver Winner?,KXNFLGAME-25SEP29CINDEN-CIN,2025-09-30 03:14:38.825828+00:00,0.0000,1.0000,0.0000,1.0000,0.0100,8302327,0,finalized,KXNFLGAME,2025-09-29,CIN,DEN,Bengals,Broncos,CIN,Bengals,Bengals @ Broncos
Cincinnati at Denver,Cincinnati at Denver Winner?,KXNFLGAME-25SEP29CINDEN-DEN,2025-09-30 03:14:38.825828+00:00,0.0000,1.0000,0.0000,1.0000,0.9900,5129867,0,finalized,KXNFLGAME,2025-09-29,CIN,DEN,Bengals,Broncos,DEN,Broncos,Bengals @ Broncos
New York J at Miami,New York J at Miami Winner?,KXNFLGAME-25SEP29NYJMIA-MIA,2025-09-30 02:19:38.182218+00:00,0.0000,1.0000,0.0000,1.0000,0.9900,8030707,0,finalized,KXNFLGAME,2025-09-29,NYJ,MIA,Jets,Dolphins,MIA,Dolphins,Jets @ Dolphins
New York J at Miami,New York J at Miami Winner?,KXNFLGAME-25SEP29NYJMIA-NYJ,2025-09-30 02:19:38.182218+00:00,0.0000,1.0000,0.0000,1.0000,0.0100,8944279,0,finalized,KXNFLGAME,2025-09-29,NYJ,MIA,Jets,Dolphins,NYJ,Jets,Jets @ Dolphins
San Francisco at Los Angeles R,San Francisco at Los Angeles R Winner?,KXNFLGAME-25OCT02SFLA-LA,2025-10-03 03:39:38.741547+00:00,0.0000,1.0000,0.0000,1.0000,0.0100,11158441,0,finalized,KXNFLGAME,2025-10-02,SF,LA,49ers,Los Angeles,LA,Los Angeles,49ers @ Los Angeles
San Francisco at Los Angeles R,San Francisco at Los Angeles R Winner?,KXNFLGAME-25OCT02SFLA-SF,2025-10-03 03:39:38.741547+00:00,0.0000,1.0000,0.0000,1.0000,0.9900,9810232,0,finalized,KXNFLGAME,2025-10-02,SF,LA,49ers,Los Angeles,SF,49ers,49ers @ Los Angeles
Tennessee at Arizona,Tennessee at Arizona Winner?,KXNFLGAME-25OCT05TENARI-ARI,2025-10-05 23:23:40.800607+00:00,0.0000,1.0000,0.0000,1.0000,0.0100,2708851,0,finalized,KXNFLGAME,2025-10-05,TEN,ARI,Titans,Cardinals,ARI,Cardinals,Titans @ Cardinals
Tennessee at Arizona,Tennessee at Arizona Winner?,KXNFLGAME-25OCT05TENARI-TEN,2025-10-05 23:23:40.800607+00:00,0.0000,1.0000,0.0000,1.0000,0.9900,3325136,0,finalized,KXNFLGAME,2025-10-05,TEN,ARI,Titans,Cardinals,TEN,Titans,Titans @ Cardinals
Houston at Baltimore,Houston at Baltimore Winner?,KXNFLGAME-25OCT05HOUBAL-BAL,2025-10-05 19:54:49.554786+00:00,0.0000,1.0000,0.0000,1.0000,0.0100,3110837,0,finalized,KXNFLGAME,2025-10-05,HOU,BAL,Texans,Ravens,BAL,Ravens,Texans @ Ravens
Houston at Baltimore,Houston at Baltimore Winner?,KXNFLGAME-25OCT05HOUBAL-HOU,2025-10-05 19:54:49.554786+00:00,0.0000,1.0000,0.0000,1.0000,0.9900,1964318,0,finalized,KXNFLGAME,2025-10-05,HOU,BAL,Texans,Ravens,HOU,Texans,Texans @ Ravens
New England at Buffalo,New England at Buffalo Winner?,KXNFLGAME-25OCT05NEBUF-BUF,2025-10-06 03:31:48.574062+00:00,0.0000,1.0000,0.0000,1.0000,0.0100,12035249,0,finalized,KXNFLGAME,2025-10-05,NE,BUF,Patriots,Bills,BUF,Bills,Patriots @ Bills
New England at Buffalo,New England at Buffalo Winner?,KXNFLGAME-25OCT05NEBUF-NE,2025-10-06 03:31:48.574062+00:00,0.0000,1.0000,0.0000,1.0000,0.9900,9299569,0,finalized,KXNFLGAME,2025-10-05,NE,BUF,Patriots,Bills,NE,Patriots,Patriots @ Bills
Miami at Carolina,Miami at Carolina Winner?,KXNFLGAME-25OCT05MIACAR-CAR,2025-10-05 20:09:54.262202+00:00,0.0000,1.0000,0.0000,1.0000,0.9900,3132435,0,finalized,KXNFLGAME,2025-10-05,MIA,CAR,Dolphins,Panthers,CAR,Panthers,Dolphins @ Panthers
Miami at Carolina,Miami at Carolina Winner?,KXNFLGAME-25OCT05MIACAR-MIA,2025-10-05 20:09:54.262202+00:00,0.0000,1.0000,0.0000,1.0000,0.0100,3327078,0,finalized,KXNFLGAME,2025-10-05,MIA,CAR,Dolphins,Panthers,MIA,Dolphins,Dolphins @ Panthers
Detroit at Cincinnati,Detroit at Cincinnati Winner?,KXNFLGAME-25OCT05DETCIN-CIN,2025-10-05 23:29:38.194299+00:00,0.0000,1.0000,0.0000,1.0000,0.0100,2456710,0,finalized,KXNFLGAME,2025-10-05,DET,CIN,Lions,Bengals,CIN,Bengals,Lions @ Bengals
Detroit at Cincinnati,Detroit at Cincinnati Winner?,KXNFLGAME-25OCT05DETCIN-DET,2025-10-05 23:29:38.194299+00:00,0.0000,1.0000,0.0000,1.0000,0.9900,3646879,0,finalized,KXNFLGAME,2025-10-05,DET,CIN,Lions,Bengals,DET,Lions,Lions @ Bengals
Minnesota at Cleveland,Minnesota at Cleveland Winner?,KXNFLGAME-25OCT05MINCLE-CLE,2025-10-05 16:44:43.860801+00:00,0.0000,1.0000,0.0000,1.0000,0.0100,3931839,0,finalized,KXNFLGAME,2025-10-05,MIN,CLE,Vikings,Browns,CLE,Browns,Vikings @ Browns
Minnesota at Cleveland,Minnesota at Cleveland Winner?,KXNFLGAME-25OCT05MINCLE-MIN,2025-10-05 16:44:43.860801+00:00,0.0000,1.0000,0.0000,1.0000,0.9900,7351606,0,finalized,KXNFLGAME,2025-10-05,MIN,CLE,Vikings,Browns,MIN,Vikings,Vikings @ Browns
Las Vegas at Indianapolis,Las Vegas at Indianapolis Winner?,KXNFLGAME-25OCT05LVIND-IND,2025-10-05 19:59:56.275935+00:00,0.0000,1.0000,0.0000,1.0000,0.9900,1782756,0,finalized,KXNFLGAME,2025-10-05,LV,IND,Raiders,Colts,IND,Colts,Raiders @ Colts
Las Vegas at Indianapolis,Las Vegas at Indianapolis Winner?,KXNFLGAME-25OCT05LVIND-LV,2025-10-05 19:59:56.275935+00:00,0.0000,1.0000,0.0000,1.0000,0.0100,1761025,0,finalized,KXNFLGAME,2025-10-05,LV,IND,Raiders,Colts,LV,Raiders,Raiders @ Colts
Washington at Los Angeles C,Washington at Los Angeles C Winner?,KXNFLGAME-25OCT05WASLAC-LAC,2025-10-05 23:24:34.203555+00:00,0.0000,1.0000,0.0000,1.0000,0.0100,5663350,0,finalized,KXNFLGAME,2025-10-05,WAS,LAC,Commanders,Chargers,LAC,Chargers,Commanders @ Chargers
Washington at Los Angeles C,Washington at Los Angeles C Winner?,KXNFLGAME-25OCT05WASLAC-WAS,2025-10-05 23:24:34.203555+00:00,0.0000,1.0000,0.0000,1.0000,0.9900,3219878,0,finalized,KXNFLGAME,2025-10-05,WAS,LAC,Commanders,Chargers,WAS,Commanders,Commanders @ Chargers
New York G at New Orleans,New York G at New Orleans Winner?,KXNFLGAME-25OCT05NYGNO-NO,2025-10-05 20:09:57.284673+00:00,0.0000,1.0000,0.0000,1.0000,0.9900,3084595,0,finalized,KXNFLGAME,2025-10-05,NYG,NO,Giants,Saints,NO,Saints,Giants @ Saints
New York G at New Orleans,New York G at New Orleans Winner?,KXNFLGAME-25OCT05NYGNO-NYG,2025-10-05 20:09:57.284673+00:00,0.0000,1.0000,0.0000,1.0000,0.0100,4805931,0,finalized,KXNFLGAME,2025-10-05,NYG,NO,Giants,Saints,NYG,Giants,Giants @ Saints
Dallas at New York J,Dallas at New York J Winner?,KXNFLGAME-25OCT05DALNYJ-DAL,2025-10-05 20:14:55.196631+00:00,0.0000,1.0000,0.0000,1.0000,0.9900,5561966,0,finalized,KXNFLGAME,2025-10-05,DAL,NYJ,Cowboys,Jets,DAL,Cowboys,Cowboys @ Jets
Dallas at New York J,Dallas at New York J Winner?,KXNFLGAME-25OCT05DALNYJ-NYJ,2025-10-05 20:14:55.196631+00:00,0.0000,1.0000,0.0000,1.0000,0.0100,2940697,0,finalized,KXNFLGAME,2025-10-05,DAL,NYJ,Cowboys,Jets,NYJ,Jets,Cowboys @ Jets
Denver at Philadelphia,Denver at Philadelphia Winner?,KXNFLGAME-25OCT05DENPHI-DEN,2025-10-05 20:24:49.196699+00:00,0.0000,1.0000,0.0000,1.0000,0.9900,5503326,0,finalized,KXNFLGAME,2025-10-05,DEN,PHI,Broncos,Eagles,DEN,Broncos,Broncos @ Eagles
Denver at Philadelphia,Denver at Philadelphia Winner?,KXNFLGAME-25OCT05DENPHI-PHI,2025-10-05 20:24:49.196699+00:00,0.0000,1.0000,0.0000,1.0000,0.0100,7418055,0,finalized,KXNFLGAME,2025-10-05,DEN,PHI,Broncos,Eagles,PHI,Eagles,Broncos @ Eagles
Tampa Bay at Seattle,Tampa Bay at Seattle Winner?,KXNFLGAME-25OCT05TBSEA-SEA,2025-10-05 23:04:48.381393+00:00,0.0000,1.0000,0.0000,1.0000,0.0100,5928873,0,finalized,KXNFLGAME,2025-10-05,TB,SEA,Buccaneers,Seahawks,SEA,Seahawks,Buccaneers @ Seahawks
Tampa Bay at Seattle,Tampa Bay at Seattle Winner?,KXNFLGAME-25OCT05TBSEA-TB,2025-10-05 23:04:48.381393+00:00,0.0000,1.0000,0.0000,1.0000,0.9900,7882336,0,finalized,KXNFLGAME,2025-10-05,TB,SEA,Buccaneers,Seahawks,TB,Buccaneers,Buccaneers @ Seahawks
Kansas City at Jacksonville,Kansas City at Jacksonville Winner?,KXNFLGAME-25OCT06KCJAC-JAC,2025-10-07 03:19:39.351962+00:00,0.0000,1.0000,0.0000,1.0000,0.9900,9108553,0,finalized,KXNFLGAME,2025-10-06,KC,JAC,Chiefs,Jaguars,JAC,Jaguars,Chiefs @ Jaguars
Kansas City at Jacksonville,Kansas City at Jacksonville Winner?,KXNFLGAME-25OCT06KCJAC-KC,2025-10-07 03:19:39.351962+00:00,0.0000,1.0000,0.0000,1.0000,0.0100,12923730,0,finalized,KXNFLGAME,2025-10-06,KC,JAC,Chiefs,Jaguars,KC,Chiefs,Chiefs @ Jaguars
Philadelphia at New York G,Philadelphia at New York G Winner?,KXNFLGAME-25OCT09PHINYG-NYG,2025-10-10 03:16:00.083211+00:00,0.0000,1.0000,0.0000,1.0000,0.9900,8153452,0,finalized,KXNFLGAME,2025-10-09,PHI,NYG,Eagles,Giants,NYG,Giants,Eagles @ Giants
Philadelphia at New York G,Philadelphia at New York G Winner?,KXNFLGAME-25OCT09PHINYG-PHI,2025-10-10 03:16:00.083211+00:00,0.0000,1.0000,0.0000,1.0000,0.0100,14795013,0,finalized,KXNFLGAME,2025-10-09,PHI,NYG,Eagles,Giants,PHI,Eagles,Eagles @ Giants
Los Angeles R at Baltimore,Los Angeles R at Baltimore Winner?,KXNFLGAME-25OCT12LABAL-BAL,2025-10-12 19:55:16.953347+00:00,0.0000,1.0000,0.0000,1.0000,0.0100,2400574,0,finalized,KXNFLGAME,2025-10-12,LA,BAL,Los Angeles,Ravens,BAL,Ravens,Los Angeles @ Ravens
Los Angeles R at Baltimore,Los Angeles R at Baltimore Winner?,KXNFLGAME-25OCT12LABAL-LA,2025-10-12 19:55:16.953347+00:00,0.0000,1.0000,0.0000,1.0000,0.9900,2093776,0,finalized,KXNFLGAME,2025-10-12,LA,BAL,Los Angeles,Ravens,LA,Los Angeles,Los Angeles @ Ravens
Dallas at Carolina,Dallas at Carolina Winner?,KXNFLGAME-25OCT12DALCAR-CAR,2025-10-12 20:05:11.687410+00:00,0.0000,1.0000,0.0000,1.0000,0.9900,2317793,0,finalized,KXNFLGAME,2025-10-12,DAL,CAR,Cowboys,Panthers,CAR,Panthers,Cowboys @ Panthers
Dallas at Carolina,Dallas at Carolina Winner?,KXNFLGAME-25OCT12DALCAR-DAL,2025-10-12 20:05:11.687410+00:00,0.0000,1.0000,0.0000,1.0000,0.0100,5320731,0,finalized,KXNFLGAME,2025-10-12,DAL,CAR,Cowboys,Panthers,DAL,Cowboys,Cowboys @ Panthers
Cincinnati at Green Bay,Cincinnati at Green Bay Winner?,KXNFLGAME-25OCT12CINGB-CIN,2025-10-12 23:19:52.444264+00:00,0.0000,1.0000,0.0000,1.0000,0.0100,8653994,0,finalized,KXNFLGAME,2025-10-12,CIN,GB,Bengals,Packers,CIN,Bengals,Bengals @ Packers
Cincinnati at Green Bay,Cincinnati at Green Bay Winner?,KXNFLGAME-25OCT12CINGB-GB,2025-10-12 23:19:52.444264+00:00,0.0000,1.0000,0.0000,1.0000,0.9900,3381868,0,finalized,KXNFLGAME,2025-10-12,CIN,GB,Bengals,Packers,GB,Packers,Bengals @ Packers
Arizona at Indianapolis,Arizona at Indianapolis Winner?,KXNFLGAME-25OCT12ARIIND-ARI,2025-10-12 20:05:11.572208+00:00,0.0000,1.0000,0.0000,1.0000,0.0100,2319478,0,finalized,KXNFLGAME,2025-10-12,ARI,IND,Cardinals,Colts,ARI,Cardinals,Cardinals @ Colts
Arizona at Indianapolis,Arizona at Indianapolis Winner?,KXNFLGAME-25OCT12ARIIND-IND,2025-10-12 20:05:11.572208+00:00,0.0000,1.0000,0.0000,1.0000,0.9900,1747912,0,finalized,KXNFLGAME,2025-10-12,ARI,IND,Cardinals,Colts,IND,Colts,Cardinals @ Colts
Seattle at Jacksonville,Seattle at Jacksonville Winner?,KXNFLGAME-25OCT12SEAJAC-JAC,2025-10-12 20:10:05.913947+00:00,0.0000,1.0000,0.0000,1.0000,0.0100,3600585,0,finalized,KXNFLGAME,2025-10-12,SEA,JAC,Seahawks,Jaguars,JAC,Jaguars,Seahawks @ Jaguars
Seattle at Jacksonville,Seattle at Jacksonville Winner?,KXNFLGAME-25OCT12SEAJAC-SEA,2025-10-12 20:10:05.913947+00:00,0.0000,1.0000,0.0000,1.0000,0.9900,2775485,0,finalized,KXNFLGAME,2025-10-12,SEA,JAC,Seahawks,Jaguars,SEA,Seahawks,Seahawks @ Jaguars
Detroit at Kansas City,Detroit at Kansas City Winner?,KXNFLGAME-25OCT12DETKC-DET,2025-10-13 03:09:44.405906+00:00,0.0000,1.0000,0.0000,1.0000,0.0100,13242872,0,finalized,KXNFLGAME,2025-10-12,DET,KC,Lions,Chiefs,DET,Lions,Lions @ Chiefs
Detroit at Kansas City,Detroit at Kansas City Winner?,KXNFLGAME-25OCT12DETKC-KC,2025-10-13 03:09:44.405906+00:00,0.0000,1.0000,0.0000,1.0000,0.9900,7521835,0,finalized,KXNFLGAME,2025-10-12,DET,KC,Lions,Chiefs,KC,Chiefs,Lions @ Chiefs
Tennessee at Las Vegas,Tennessee at Las Vegas Winner?,KXNFLGAME-25OCT12TENLV-LV,2025-10-12 23:00:26.264927+00:00,0.0000,1.0000,0.0000,1.0000,0.9900,2025487,0,finalized,KXNFLGAME,2025-10-12,TEN,LV,Titans,Raiders,LV,Raiders,Titans @ Raiders
Tennessee at Las Vegas,Tennessee at Las Vegas Winner?,KXNFLGAME-25OCT12TENLV-TEN,2025-10-12 23:00:26.264927+00:00,0.0000,1.0000,0.0000,1.0000,0.0100,3924467,0,finalized,KXNFLGAME,2025-10-12,TEN,LV,Titans,Raiders,TEN,Titans,Titans @ Raiders
Los Angeles C at Miami,Los Angeles C at Miami Winner?,KXNFLGAME-25OCT12LACMIA-LAC,2025-10-12 20:05:55.943167+00:00,0.0000,1.0000,0.0000,1.0000,0.9900,2211066,0,finalized,KXNFLGAME,2025-10-12,LAC,MIA,Chargers,Dolphins,LAC,Chargers,Chargers @ Dolphins
Los Angeles C at Miami,Los Angeles C at Miami Winner?,KXNFLGAME-25OCT12LACMIA-MIA,2025-10-12 20:05:55.943167+00:00,0.0000,1.0000,0.0000,1.0000,0.0100,1826462,0,finalized,KXNFLGAME,2025-10-12,LAC,MIA,Chargers,Dolphins,MIA,Dolphins,Chargers @ Dolphins
New England at New Orleans,New England at New Orleans Winner?,KXNFLGAME-25OCT12NENO-NE,2025-10-12 20:05:11.970197+00:00,0.0000,1.0000,0.0000,1.0000,0.9900,2247699,0,finalized,KXNFLGAME,2025-10-12,NE,NO,Patriots,Saints,NE,Patriots,Patriots @ Saints
New England at New Orleans,New England at New Orleans Winner?,KXNFLGAME-25OCT12NENO-NO,2025-10-12 20:05:11.970197+00:00,0.0000,1.0000,0.0000,1.0000,0.0100,1388324,0,finalized,KXNFLGAME,2025-10-12,NE,NO,Patriots,Saints,NO,Saints,Patriots @ Saints
Denver at New York J,Denver at New York J Winner?,KXNFLGAME-25OCT12DENNYJ-DEN,2025-10-12 16:37:16.483645+00:00,0.0000,1.0000,0.0000,1.0000,0.9900,4692404,0,finalized,KXNFLGAME,2025-10-12,DEN,NYJ,Broncos,Jets,DEN,Broncos,Broncos @ Jets
Denver at New York J,Denver at New York J Winner?,KXNFLGAME-25OCT12DENNYJ-NYJ,2025-10-12 16:37:16.483645+00:00,0.0000,1.0000,0.0000,1.0000,0.0100,4540862,0,finalized,KXNFLGAME,2025-10-12,DEN,NYJ,Broncos,Jets,NYJ,Jets,Broncos @ Jets
Cleveland at Pittsburgh,Cleveland at Pittsburgh Winner?,KXNFLGAME-25OCT12CLEPIT-CLE,2025-10-12 20:20:09.589399+00:00,0.0000,1.0000,0.0000,1.0000,0.0100,1759981,0,finalized,KXNFLGAME,2025-10-12,CLE,PIT,Browns,Steelers,CLE,Browns,Browns @ Steelers
Cleveland at Pittsburgh,Cleveland at Pittsburgh Winner?,KXNFLGAME-25OCT12CLEPIT-PIT,2025-10-12 20:20:09.589399+00:00,0.0000,1.0000,0.0000,1.0000,0.9900,1366680,0,finalized,KXNFLGAME,2025-10-12,CLE,PIT,Browns,Steelers,PIT,Steelers,Browns @ Steelers
San Francisco at Tampa Bay,San Francisco at Tampa Bay Winner?,KXNFLGAME-25OCT12SFTB-SF,2025-10-12 23:24:43.347626+00:00,0.0000,1.0000,0.0000,1.0000,0.0100,6678130,0,finalized,KXNFLGAME,2025-10-12,SF,TB,49ers,Buccaneers,SF,49ers,49ers @ Buccaneers
San Francisco at Tampa Bay,San Francisco at Tampa Bay Winner?,KXNFLGAME-25OCT12SFTB-TB,2025-10-12 23:24:43.347626+00:00,0.0000,1.0000,0.0000,1.0000,0.9900,4798471,0,finalized,KXNFLGAME,2025-10-12,SF,TB,49ers,Buccaneers,TB,Buccaneers,49ers @ Buccaneers
Buffalo at Atlanta,Buffalo at Atlanta Winner?,KXNFLGAME-25OCT13BUFATL-ATL,2025-10-14 02:24:47.709860+00:00,0.0000,1.0000,0.0000,1.0000,0.9900,6803701,0,finalized,KXNFLGAME,2025-10-13,BUF,ATL,Bills,Falcons,ATL,Falcons,Bills @ Falcons
Buffalo at Atlanta,Buffalo at Atlanta Winner?,KXNFLGAME-25OCT13BUFATL-BUF,2025-10-14 02:24:47.709860+00:00,0.0000,1.0000,0.0000,1.0000,0.0100,13077668,0,finalized,KXNFLGAME,2025-10-13,BUF,ATL,Bills,Falcons,BUF,Bills,Bills @ Falcons
Chicago at Washington,Chicago at Washington Winner?,KXNFLGAME-25OCT13CHIWAS-CHI,2025-10-14 03:21:54.976471+00:00,0.0000,1.0000,0.0000,1.0000,0.9900,6721160,0,finalized,KXNFLGAME,2025-10-13,CHI,WAS,Bears,Commanders,CHI,Bears,Bears @ Commanders
Chicago at Washington,Chicago at Washington Winner?,KXNFLGAME-25OCT13CHIWAS-WAS,2025-10-14 03:21:54.976471+00:00,0.0000,1.0000,0.0000,1.0000,0.0100,6406191,0,finalized,KXNFLGAME,2025-10-13,CHI,WAS,Bears,Commanders,WAS,Commanders,Bears @ Commanders
Pittsburgh at Cincinnati,Pittsburgh at Cincinnati Winner?,KXNFLGAME-25OCT16PITCIN-CIN,2025-10-17 03:38:05.565359+00:00,0.0000,1.0000,0.0000,1.0000,0.9900,7396332,0,finalized,KXNFLGAME,2025-10-16,PIT,CIN,Steelers,Bengals,CIN,Bengals,Steelers @ Bengals
Pittsburgh at Cincinnati,Pittsburgh at Cincinnati Winner?,KXNFLGAME-25OCT16PITCIN-PIT,2025-10-17 03:38:05.565359+00:00,0.0000,1.0000,0.0000,1.0000,0.0100,7847995,0,finalized,KXNFLGAME,2025-10-16,PIT,CIN,Steelers,Bengals,PIT,Steelers,Steelers @ Bengals
Green Bay at Arizona,Green Bay at Arizona Winner?,KXNFLGAME-25OCT19GBARI-ARI,2025-10-19 23:35:16.997437+00:00,0.0000,1.0000,0.0000,1.0000,0.0100,3404120,0,finalized,KXNFLGAME,2025-10-19,GB,ARI,Packers,Cardinals,ARI,Cardinals,Packers @ Cardinals
Green Bay at Arizona,Green Bay at Arizona Winner?,KXNFLGAME-25OCT19GBARI-GB,2025-10-19 23:35:16.997437+00:00,0.0000,1.0000,0.0000,1.0000,0.9900,4866752,0,finalized,KXNFLGAME,2025-10-19,GB,ARI,Packers,Cardinals,GB,Packers,Packers @ Cardinals
New Orleans at Chicago,New Orleans at Chicago Winner?,KXNFLGAME-25OCT19NOCHI-CHI,2025-10-19 20:00:13.899192+00:00,0.0000,1.0000,0.0000,1.0000,0.9900,2042225,0,finalized,KXNFLGAME,2025-10-19,NO,CHI,Saints,Bears,CHI,Bears,Saints @ Bears
New Orleans at Chicago,New Orleans at Chicago Winner?,KXNFLGAME-25OCT19NOCHI-NO,2025-10-19 20:00:13.899192+00:00,0.0000,1.0000,0.0000,1.0000,0.0100,1676855,0,finalized,KXNFLGAME,2025-10-19,NO,CHI,Saints,Bears,NO,Saints,Saints @ Bears
Miami at Cleveland,Miami at Cleveland Winner?,KXNFLGAME-25OCT19MIACLE-CLE,2025-10-19 20:04:59.108417+00:00,0.0000,1.0000,0.0000,1.0000,0.9900,1325245,0,finalized,KXNFLGAME,2025-10-19,MIA,CLE,Dolphins,Browns,CLE,Browns,Dolphins @ Browns
Miami at Cleveland,Miami at Cleveland Winner?,KXNFLGAME-25OCT19MIACLE-MIA,2025-10-19 20:04:59.108417+00:00,0.0000,1.0000,0.0000,1.0000,0.0100,2121381,0,finalized,KXNFLGAME,2025-10-19,MIA,CLE,Dolphins,Browns,MIA,Dolphins,Dolphins @ Browns
Washington at Dallas,Washington at Dallas Winner?,KXNFLGAME-25OCT19WASDAL-DAL,2025-10-19 23:40:01.542416+00:00,0.0000,1.0000,0.0000,1.0000,0.9900,3400003,0,finalized,KXNFLGAME,2025-10-19,WAS,DAL,Commanders,Cowboys,DAL,Cowboys,Commanders @ Cowboys
Washington at Dallas,Washington at Dallas Winner?,KXNFLGAME-25OCT19WASDAL-WAS,2025-10-19 23:40:01.542416+00:00,0.0000,1.0000,0.0000,1.0000,0.0100,2459328,0,finalized,KXNFLGAME,2025-10-19,WAS,DAL,Commanders,Cowboys,WAS,Commanders,Commanders @ Cowboys
New York G at Denver,New York G at Denver Winner?,KXNFLGAME-25OCT19NYGDEN-DEN,2025-10-19 23:40:34.053874+00:00,0.0000,1.0000,0.0000,1.0000,0.9900,3778316,0,finalized,KXNFLGAME,2025-10-19,NYG,DEN,Giants,Broncos,DEN,Broncos,Giants @ Broncos
New York G at Denver,New York G at Denver Winner?,KXNFLGAME-25OCT19NYGDEN-NYG,2025-10-19 23:40:34.053874+00:00,0.0000,1.0000,0.0000,1.0000,0.0100,7207984,0,finalized,KXNFLGAME,2025-10-19,NYG,DEN,Giants,Broncos,NYG,Giants,Giants @ Broncos
Los Angeles R at Jacksonville,Los Angeles R at Jacksonville Winner?,KXNFLGAME-25OCT19LAJAC-JAC,2025-10-19 16:49:53.139726+00:00,0.0000,1.0000,0.0000,1.0000,0.0100,5761658,0,finalized,KXNFLGAME,2025-10-19,LA,JAC,Los Angeles,Jaguars,JAC,Jaguars,Los Angeles @ Jaguars
Los Angeles R at Jacksonville,Los Angeles R at Jacksonville Winner?,KXNFLGAME-25OCT19LAJAC-LA,2025-10-19 16:49:53.139726+00:00,0.0000,1.0000,0.0000,1.0000,0.9900,3200932,0,finalized,KXNFLGAME,2025-10-19,LA,JAC,Los Angeles,Jaguars,LA,Los Angeles,Los Angeles @ Jaguars
Las Vegas at Kansas City,Las Vegas at Kansas City Winner?,KXNFLGAME-25OCT19LVKC-KC,2025-10-19 19:45:06.055269+00:00,0.0000,1.0000,0.0000,1.0000,0.9900,2018486,0,finalized,KXNFLGAME,2025-10-19,LV,KC,Raiders,Chiefs,KC,Chiefs,Raiders @ Chiefs
Las Vegas at Kansas City,Las Vegas at Kansas City Winner?,KXNFLGAME-25OCT19LVKC-LV,2025-10-19 19:45:06.055269+00:00,0.0000,1.0000,0.0000,1.0000,0.0100,5681816,0,finalized,KXNFLGAME,2025-10-19,LV,KC,Raiders,Chiefs,LV,Raiders,Raiders @ Chiefs
Indianapolis at Los Angeles C,Indianapolis at Los Angeles C Winner?,KXNFLGAME-25OCT19INDLAC-IND,2025-10-19 23:15:02.584512+00:00,0.0000,1.0000,0.0000,1.0000,0.9900,4449349,0,finalized,KXNFLGAME,2025-10-19,IND,LAC,Colts,Chargers,IND,Colts,Colts @ Chargers
Indianapolis at Los Angeles C,Indianapolis at Los Angeles C Winner?,KXNFLGAME-25OCT19INDLAC-LAC,2025-10-19 23:15:02.584512+00:00,0.0000,1.0000,0.0000,1.0000,0.0100,4137295,0,finalized,KXNFLGAME,2025-10-19,IND,LAC,Colts,Chargers,LAC,Chargers,Colts @ Chargers
Philadelphia at Minnesota,Philadelphia at Minnesota Winner?,KXNFLGAME-25OCT19PHIMIN-MIN,2025-10-19 20:10:15.339735+00:00,0.0000,1.0000,0.0000,1.0000,0.0100,2980184,0,finalized,KXNFLGAME,2025-10-19,PHI,MIN,Eagles,Vikings,MIN,Vikings,Eagles @ Vikings
Philadelphia at Minnesota,Philadelphia at Minnesota Winner?,KXNFLGAME-25OCT19PHIMIN-PHI,2025-10-19 20:10:15.339735+00:00,0.0000,1.0000,0.0000,1.0000,0.9900,6615778,0,finalized,KXNFLGAME,2025-10-19,PHI,MIN,Eagles,Vikings,PHI,Eagles,Eagles @ Vikings
Carolina at New York J,Carolina at New York J Winner?,KXNFLGAME-25OCT19CARNYJ-CAR,2025-10-19 20:10:15.940954+00:00,0.0000,1.0000,0.0000,1.0000,0.9900,3291703,0,finalized,KXNFLGAME,2025-10-19,CAR,NYJ,Panthers,Jets,CAR,Panthers,Panthers @ Jets
Carolina at New York J,Carolina at New York J Winner?,KXNFLGAME-25OCT19CARNYJ-NYJ,2025-10-19 20:10:15.940954+00:00,0.0000,1.0000,0.0000,1.0000,0.0100,2222739,0,finalized,KXNFLGAME,2025-10-19,CAR,NYJ,Panthers,Jets,NYJ,Jets,Panthers @ Jets
Atlanta at San Francisco,Atlanta at San Francisco Winner?,KXNFLGAME-25OCT19ATLSF-ATL,2025-10-20 03:19:43.143434+00:00,0.0000,1.0000,0.0000,1.0000,0.0100,7811272,0,finalized,KXNFLGAME,2025-10-19,ATL,SF,Falcons,49ers,ATL,Falcons,Falcons @ 49ers
Atlanta at San Francisco,Atlanta at San Francisco Winner?,KXNFLGAME-25OCT19ATLSF-SF,2025-10-20 03:19:43.143434+00:00,0.0000,1.0000,0.0000,1.0000,0.9900,8099982,0,finalized,KXNFLGAME,2025-10-19,ATL,SF,Falcons,49ers,SF,49ers,Falcons @ 49ers
New England at Tennessee,New England at Tennessee Winner?,KXNFLGAME-25OCT19NETEN-NE,2025-10-19 19:45:05.871384+00:00,0.0000,1.0000,0.0000,1.0000,0.9900,2441923,0,finalized,KXNFLGAME,2025-10-19,NE,TEN,Patriots,Titans,NE,Patriots,Patriots @ Titans
New England at Tennessee,New England at Tennessee Winner?,KXNFLGAME-25OCT19NETEN-TEN,2025-10-19 19:45:05.871384+00:00,0.0000,1.0000,0.0000,1.0000,0.0100,1559941,0,finalized,KXNFLGAME,2025-10-19,NE,TEN,Patriots,Titans,TEN,Titans,Patriots @ Titans
Tampa Bay at Detroit,Tampa Bay at Detroit Winner?,KXNFLGAME-25OCT20TBDET-DET,2025-10-21 02:24:49.572489+00:00,0.0000,1.0000,0.0000,1.0000,0.9900,6431814,0,finalized,KXNFLGAME,2025-10-20,TB,DET,Buccaneers,Lions,DET,Lions,Buccaneers @ Lions
Tampa Bay at Detroit,Tampa Bay at Detroit Winner?,KXNFLGAME-25OCT20TBDET-TB,2025-10-21 02:24:49.572489+00:00,0.0000,1.0000,0.0000,1.0000,0.0100,17474135,0,finalized,KXNFLGAME,2025-10-20,TB,DET,Buccaneers,Lions,TB,Buccaneers,Buccaneers @ Lions
Houston at Seattle,Houston at Seattle Winner?,KXNFLGAME-25OCT20HOUSEA-HOU,2025-10-21 05:29:49.653184+00:00,0.0000,1.0000,0.0000,1.0000,0.0100,8296331,0,finalized,KXNFLGAME,2025-10-20,HOU,SEA,Texans,Seahawks,HOU,Texans,Texans @ Seahawks
Houston at Seattle,Houston at Seattle Winner?,KXNFLGAME-25OCT20HOUSEA-SEA,2025-10-21 05:29:49.653184+00:00,0.0000,1.0000,0.0000,1.0000,0.9900,7411098,0,finalized,KXNFLGAME,2025-10-20,HOU,SEA,Texans,Seahawks,SEA,Seahawks,Texans @ Seahawks
Minnesota at Los Angeles C,Minnesota at Los Angeles C Winner?,KXNFLGAME-25OCT23MINLAC-LAC,2025-10-24 03:20:04.937900+00:00,0.0000,1.0000,0.0000,1.0000,0.9900,5371610,8535023,finalized,KXNFLGAME,2025-10-23,MIN,LAC,Vikings,Chargers,LAC,Chargers,Vikings @ Chargers
Minnesota at Los Angeles C,Minnesota at Los Angeles C Winner?,KXNFLGAME-25OCT23MINLAC-MIN,2025-10-24 03:20:04.937900+00:00,0.0000,1.0000,0.0000,1.0000,0.0100,9283120,13697386,finalized,KXNFLGAME,2025-10-23,MIN,LAC,Vikings,Chargers,MIN,Vikings,Vikings @ Chargers
